[{"id":"1623163122-1-1","algorithm-id":"1623163122","order-id":1,"order-event-id":1,"symbol":"AAPL R735QTJ8XC9X","time":1483506000.0,"status":"submitted","fill-price":0.0,"fill-price-currency":"USD","fill-quantity":0.0,"direction":"buy","is-assignment":false,"quantity":1816.0},{"id":"1623163122-1-2","algorithm-id":"1623163122","order-id":1,"order-event-id":2,"symbol":"AAPL R735QTJ8XC9X","time":1483592400.0,"status":"filled","order-fee-amount":9.08,"order-fee-currency":"USD","fill-price":27.4126497075,"fill-price-currency":"USD","fill-quantity":1816.0,"direction":"buy","is-assignment":false,"quantity":1816.0},{"id":"1623163122-2-1","algorithm-id":"1623163122","order-id":2,"order-event-id":1,"symbol":"AAPL R735QTJ8XC9X","time":1483765200.0,"status":"submitted","fill-price":0.0,"fill-price-currency":"USD","fill-quantity":0.0,"direction":"buy","is-assignment":false,"quantity":1791.0},{"id":"1623163122-2-2","algorithm-id":"1623163122","order-id":2,"order-event-id":2,"symbol":"AAPL R735QTJ8XC9X","time":1484024400.0,"status":"filled","order-fee-amount":8.955,"order-fee-currency":"USD","fill-price":27.883121229,"fill-price-currency":"USD","fill-quantity":1791.0,"direction":"buy","is-assignment":false,"quantity":1791.0},{"id":"1623163122-3-1","algorithm-id":"1623163122","order-id":3,"order-event-id":1,"symbol":"AAPL R735QTJ8XC9X","time":1491969600.0,"status":"submitted","fill-price":0.0,"fill-price-currency":"USD","fill-quantity":0.0,"direction":"sell","is-assignment":false,"quantity":-1804.0},{"id":"1623163122-3-2","algorithm-id":"1623163122","order-id":3,"order-event-id":2,"symbol":"AAPL R735QTJ8XC9X","time":1492056000.0,"status":"filled","order-fee-amount":9.02,"order-fee-currency":"USD","fill-price":33.6219111,"fill-price-currency":"USD","fill-quantity":-1804.0,"direction":"sell","is-assignment":false,"quantity":-1804.0},{"id":"1623163122-4-1","algorithm-id":"1623163122","order-id":4,"order-event-id":1,"symbol":"AAPL R735QTJ8XC9X","time":1492142400.0,"status":"submitted","fill-price":0.0,"fill-price-currency":"USD","fill-quantity":0.0,"direction":"sell","is-assignment":false,"quantity":-900.0},{"id":"1623163122-4-2","algorithm-id":"1623163122","order-id":4,"order-event-id":2,"symbol":"AAPL R735QTJ8XC9X","time":1492488000.0,"status":"filled","order-fee-amount":4.5,"order-fee-currency":"USD","fill-price":33.51981066375,"fill-price-currency":"USD","fill-quantity":-900.0,"direction":"sell","is-assignment":false,"quantity":-900.0},{"id":"1623163122-5-1","algorithm-id":"1623163122","order-id":5,"order-event-id":1,"symbol":"AAPL R735QTJ8XC9X","time":1492747200.0,"status":"submitted","fill-price":0.0,"fill-price-currency":"USD","fill-quantity":0.0,"direction":"buy","is-assignment":false,"quantity":891.0},{"id":"1623163122-5-2","algorithm-id":"1623163122","order-id":5,"order-event-id":2,"symbol":"AAPL R735QTJ8XC9X","time":1492833600.0,"status":"filled","order-fee-amount":4.455,"order-fee-currency":"USD","fill-price":33.821363115,"fill-price-currency":"USD","fill-quantity":891.0,"direction":"buy","is-assignment":false,"quantity":891.0},{"id":"1623163122-6-1","algorithm-id":"1623163122","order-id":6,"order-event-id":1,"symbol":"AAPL R735QTJ8XC9X","time":1493092800.0,"status":"submitted","fill-price":0.0,"fill-price-currency":"USD","fill-quantity":0.0,"direction":"buy","is-assignment":false,"quantity":1778.0},{"id":"1623163122-6-2","algorithm-id":"1623163122","order-id":6,"order-event-id":2,"symbol":"AAPL R735QTJ8XC9X","time":1493179200.0,"status":"filled","order-fee-amount":8.89,"order-fee-currency":"USD","fill-price":34.20364614375,"fill-price-currency":"USD","fill-quantity":1778.0,"direction":"buy","is-assignment":false,"quantity":1778.0},{"id":"1623163122-7-1","algorithm-id":"1623163122","order-id":7,"order-event-id":1,"symbol":"AAPL R735QTJ8XC9X","time":1496289600.0,"status":"submitted","fill-price":0.0,"fill-price-currency":"USD","fill-quantity":0.0,"direction":"sell","is-assignment":false,"quantity":-897.0},{"id":"1623163122-7-2","algorithm-id":"1623163122","order-id":7,"order-event-id":2,"symbol":"AAPL R735QTJ8XC9X","time":1496376000.0,"status":"filled","order-fee-amount":4.485,"order-fee-currency":"USD","fill-price":36.5144747925,"fill-price-currency":"USD","fill-quantity":-897.0,"direction":"sell","is-assignment":false,"quantity":-897.0},{"id":"1623163122-8-1","algorithm-id":"1623163122","order-id":8,"order-event-id":1,"symbol":"AAPL R735QTJ8XC9X","time":1496462400.0,"status":"submitted","fill-price":0.0,"fill-price-currency":"USD","fill-quantity":0.0,"direction":"buy","is-assignment":false,"quantity":879.0},{"id":"1623163122-8-2","algorithm-id":"1623163122","order-id":8,"order-event-id":2,"symbol":"AAPL R735QTJ8XC9X","time":1496721600.0,"status":"filled","order-fee-amount":4.395,"order-fee-currency":"USD","fill-price":36.8148877095,"fill-price-currency":"USD","fill-quantity":879.0,"direction":"buy","is-assignment":false,"quantity":879.0},{"id":"1623163122-9-1","algorithm-id":"1623163122","order-id":9,"order-event-id":1,"symbol":"AAPL R735QTJ8XC9X","time":1497067200.0,"status":"submitted","fill-price":0.0,"fill-price-currency":"USD","fill-quantity":0.0,"direction":"sell","is-assignment":false,"quantity":-2664.0},{"id":"1623163122-9-2","algorithm-id":"1623163122","order-id":9,"order-event-id":2,"symbol":"AAPL R735QTJ8XC9X","time":1497326400.0,"status":"filled","order-fee-amount":13.32,"order-fee-currency":"USD","fill-price":34.7072288315,"fill-price-currency":"USD","fill-quantity":-2664.0,"direction":"sell","is-assignment":false,"quantity":-2664.0},{"id":"1623163122-10-1","algorithm-id":"1623163122","order-id":10,"order-event-id":1,"symbol":"AAPL R735QTJ8XC9X","time":1497499200.0,"status":"submitted","fill-price":0.0,"fill-price-currency":"USD","fill-quantity":0.0,"direction":"sell","is-assignment":false,"quantity":-890.0},{"id":"1623163122-10-2","algorithm-id":"1623163122","order-id":10,"order-event-id":2,"symbol":"AAPL R735QTJ8XC9X","time":1497585600.0,"status":"filled","order-fee-amount":4.45,"order-fee-currency":"USD","fill-price":34.14216644,"fill-price-currency":"USD","fill-quantity":-890.0,"direction":"sell","is-assignment":false,"quantity":-890.0},{"id":"1623163122-11-1","algorithm-id":"1623163122","order-id":11,"order-event-id":1,"symbol":"AAPL R735QTJ8XC9X","time":1497931200.0,"status":"submitted","fill-price":0.0,"fill-price-currency":"USD","fill-quantity":0.0,"direction":"buy","is-assignment":false,"quantity":881.0},{"id":"1623163122-11-2","algorithm-id":"1623163122","order-id":11,"order-event-id":2,"symbol":"AAPL R735QTJ8XC9X","time":1498017600.0,"status":"filled","order-fee-amount":4.405,"order-fee-currency":"USD","fill-price":35.0171786665,"fill-price-currency":"USD","fill-quantity":881.0,"direction":"buy","is-assignment":false,"quantity":881.0},{"id":"1623163122-12-1","algorithm-id":"1623163122","order-id":12,"order-event-id":1,"symbol":"AAPL R735QTJ8XC9X","time":1498622400.0,"status":"submitted","fill-price":0.0,"fill-price-currency":"USD","fill-quantity":0.0,"direction":"sell","is-assignment":false,"quantity":-881.0},{"id":"1623163122-12-2","algorithm-id":"1623163122","order-id":12,"order-event-id":2,"symbol":"AAPL R735QTJ8XC9X","time":1498708800.0,"status":"filled","order-fee-amount":4.405,"order-fee-currency":"USD","fill-price":34.3209836525,"fill-price-currency":"USD","fill-quantity":-881.0,"direction":"sell","is-assignment":false,"quantity":-881.0},{"id":"1623163122-13-1","algorithm-id":"1623163122","order-id":13,"order-event-id":1,"symbol":"AAPL R735QTJ8XC9X","time":1499745600.0,"status":"submitted","fill-price":0.0,"fill-price-currency":"USD","fill-quantity":0.0,"direction":"buy","is-assignment":false,"quantity":885.0},{"id":"1623163122-13-2","algorithm-id":"1623163122","order-id":13,"order-event-id":2,"symbol":"AAPL R735QTJ8XC9X","time":1499832000.0,"status":"filled","order-fee-amount":4.425,"order-fee-currency":"USD","fill-price":34.504569324,"fill-price-currency":"USD","fill-quantity":885.0,"direction":"buy","is-assignment":false,"quantity":885.0},{"id":"1623163122-14-1","algorithm-id":"1623163122","order-id":14,"order-event-id":1,"symbol":"AAPL R735QTJ8XC9X","time":1499918400.0,"status":"submitted","fill-price":0.0,"fill-price-currency":"USD","fill-quantity":0.0,"direction":"buy","is-assignment":false,"quantity":879.0},{"id":"1623163122-14-2","algorithm-id":"1623163122","order-id":14,"order-event-id":2,"symbol":"AAPL R735QTJ8XC9X","time":1500004800.0,"status":"filled","order-fee-amount":4.395,"order-fee-currency":"USD","fill-price":34.709613061,"fill-price-currency":"USD","fill-quantity":879.0,"direction":"buy","is-assignment":false,"quantity":879.0},{"id":"1623163122-15-1","algorithm-id":"1623163122","order-id":15,"order-event-id":1,"symbol":"AAPL R735QTJ8XC9X","time":1500004800.0,"status":"submitted","fill-price":0.0,"fill-price-currency":"USD","fill-quantity":0.0,"direction":"buy","is-assignment":false,"quantity":865.0},{"id":"1623163122-15-2","algorithm-id":"1623163122","order-id":15,"order-event-id":2,"symbol":"AAPL R735QTJ8XC9X","time":1500091200.0,"status":"filled","order-fee-amount":4.325,"order-fee-currency":"USD","fill-price":35.2865966,"fill-price-currency":"USD","fill-quantity":865.0,"direction":"buy","is-assignment":false,"quantity":865.0},{"id":"1623163122-16-1","algorithm-id":"1623163122","order-id":16,"order-event-id":1,"symbol":"AAPL R735QTJ8XC9X","time":1500350400.0,"status":"submitted","fill-price":0.0,"fill-price-currency":"USD","fill-quantity":0.0,"direction":"buy","is-assignment":false,"quantity":865.0},{"id":"1623163122-16-2","algorithm-id":"1623163122","order-id":16,"order-event-id":2,"symbol":"AAPL R735QTJ8XC9X","time":1500436800.0,"status":"filled","order-fee-amount":4.325,"order-fee-currency":"USD","fill-price":35.57270414,"fill-price-currency":"USD","fill-quantity":865.0,"direction":"buy","is-assignment":false,"quantity":865.0},{"id":"1623163122-17-1","algorithm-id":"1623163122","order-id":17,"order-event-id":1,"symbol":"AAPL R735QTJ8XC9X","time":1501300800.0,"status":"submitted","fill-price":0.0,"fill-price-currency":"USD","fill-quantity":0.0,"direction":"sell","is-assignment":false,"quantity":-1746.0},{"id":"1623163122-17-2","algorithm-id":"1623163122","order-id":17,"order-event-id":2,"symbol":"AAPL R735QTJ8XC9X","time":1501560000.0,"status":"filled","order-fee-amount":8.73,"order-fee-currency":"USD","fill-price":35.7515213525,"fill-price-currency":"USD","fill-quantity":-1746.0,"direction":"sell","is-assignment":false,"quantity":-1746.0},{"id":"1623163122-18-1","algorithm-id":"1623163122","order-id":18,"order-event-id":1,"symbol":"AAPL R735QTJ8XC9X","time":1501732800.0,"status":"submitted","fill-price":0.0,"fill-price-currency":"USD","fill-quantity":0.0,"direction":"buy","is-assignment":false,"quantity":1668.0},{"id":"1623163122-18-2","algorithm-id":"1623163122","order-id":18,"order-event-id":2,"symbol":"AAPL R735QTJ8XC9X","time":1501819200.0,"status":"filled","order-fee-amount":8.34,"order-fee-currency":"USD","fill-price":37.4395558385,"fill-price-currency":"USD","fill-quantity":1668.0,"direction":"buy","is-assignment":false,"quantity":1668.0},{"id":"1623163122-19-1","algorithm-id":"1623163122","order-id":19,"order-event-id":1,"symbol":"AAPL R735QTJ8XC9X","time":1502424000.0,"status":"submitted","fill-price":0.0,"fill-price-currency":"USD","fill-quantity":0.0,"direction":"sell","is-assignment":false,"quantity":-854.0},{"id":"1623163122-19-2","algorithm-id":"1623163122","order-id":19,"order-event-id":2,"symbol":"AAPL R735QTJ8XC9X","time":1502510400.0,"status":"filled","order-fee-amount":4.27,"order-fee-currency":"USD","fill-price":37.4597187125,"fill-price-currency":"USD","fill-quantity":-854.0,"direction":"sell","is-assignment":false,"quantity":-854.0},{"id":"1623163122-20-1","algorithm-id":"1623163122","order-id":20,"order-event-id":1,"symbol":"AAPL R735QTJ8XC9X","time":1502856000.0,"status":"submitted","fill-price":0.0,"fill-price-currency":"USD","fill-quantity":0.0,"direction":"buy","is-assignment":false,"quantity":828.0},{"id":"1623163122-20-2","algorithm-id":"1623163122","order-id":20,"order-event-id":2,"symbol":"AAPL R735QTJ8XC9X","time":1502942400.0,"status":"filled","order-fee-amount":4.14,"order-fee-currency":"USD","fill-price":38.74507775075,"fill-price-currency":"USD","fill-quantity":828.0,"direction":"buy","is-assignment":false,"quantity":828.0},{"id":"1623163122-21-1","algorithm-id":"1623163122","order-id":21,"order-event-id":1,"symbol":"AAPL R735QTJ8XC9X","time":1503028800.0,"status":"submitted","fill-price":0.0,"fill-price-currency":"USD","fill-quantity":0.0,"direction":"sell","is-assignment":false,"quantity":-849.0},{"id":"1623163122-21-2","algorithm-id":"1623163122","order-id":21,"order-event-id":2,"symbol":"AAPL R735QTJ8XC9X","time":1503115200.0,"status":"filled","order-fee-amount":4.245,"order-fee-currency":"USD","fill-price":37.7852472585,"fill-price-currency":"USD","fill-quantity":-849.0,"direction":"sell","is-assignment":false,"quantity":-849.0},{"id":"1623163122-22-1","algorithm-id":"1623163122","order-id":22,"order-event-id":1,"symbol":"AAPL R735QTJ8XC9X","time":1503374400.0,"status":"submitted","fill-price":0.0,"fill-price-currency":"USD","fill-quantity":0.0,"direction":"sell","is-assignment":false,"quantity":-846.0},{"id":"1623163122-22-2","algorithm-id":"1623163122","order-id":22,"order-event-id":2,"symbol":"AAPL R735QTJ8XC9X","time":1503460800.0,"status":"filled","order-fee-amount":4.23,"order-fee-currency":"USD","fill-price":37.8809909485,"fill-price-currency":"USD","fill-quantity":-846.0,"direction":"sell","is-assignment":false,"quantity":-846.0},{"id":"1623163122-23-1","algorithm-id":"1623163122","order-id":23,"order-event-id":1,"symbol":"AAPL R735QTJ8XC9X","time":1503547200.0,"status":"submitted","fill-price":0.0,"fill-price-currency":"USD","fill-quantity":0.0,"direction":"buy","is-assignment":false,"quantity":830.0},{"id":"1623163122-23-2","algorithm-id":"1623163122","order-id":23,"order-event-id":2,"symbol":"AAPL R735QTJ8XC9X","time":1503633600.0,"status":"filled","order-fee-amount":4.15,"order-fee-currency":"USD","fill-price":38.40040046675,"fill-price-currency":"USD","fill-quantity":830.0,"direction":"buy","is-assignment":false,"quantity":830.0},{"id":"1623163122-24-1","algorithm-id":"1623163122","order-id":24,"order-event-id":1,"symbol":"AAPL R735QTJ8XC9X","time":1503979200.0,"status":"submitted","fill-price":0.0,"fill-price-currency":"USD","fill-quantity":0.0,"direction":"buy","is-assignment":false,"quantity":832.0},{"id":"1623163122-24-2","algorithm-id":"1623163122","order-id":24,"order-event-id":2,"symbol":"AAPL R735QTJ8XC9X","time":1504065600.0,"status":"filled","order-fee-amount":4.16,"order-fee-currency":"USD","fill-price":38.31423114575,"fill-price-currency":"USD","fill-quantity":832.0,"direction":"buy","is-assignment":false,"quantity":832.0},{"id":"1623163122-25-1","algorithm-id":"1623163122","order-id":25,"order-event-id":1,"symbol":"AAPL R735QTJ8XC9X","time":1504929600.0,"status":"submitted","fill-price":0.0,"fill-price-currency":"USD","fill-quantity":0.0,"direction":"sell","is-assignment":false,"quantity":-2516.0},{"id":"1623163122-25-2","algorithm-id":"1623163122","order-id":25,"order-event-id":2,"symbol":"AAPL R735QTJ8XC9X","time":1505188800.0,"status":"filled","order-fee-amount":12.58,"order-fee-currency":"USD","fill-price":38.441091535,"fill-price-currency":"USD","fill-quantity":-2516.0,"direction":"sell","is-assignment":false,"quantity":-2516.0},{"id":"1623163122-26-1","algorithm-id":"1623163122","order-id":26,"order-event-id":1,"symbol":"AAPL R735QTJ8XC9X","time":1506139200.0,"status":"submitted","fill-price":0.0,"fill-price-currency":"USD","fill-quantity":0.0,"direction":"sell","is-assignment":false,"quantity":-841.0},{"id":"1623163122-26-2","algorithm-id":"1623163122","order-id":26,"order-event-id":2,"symbol":"AAPL R735QTJ8XC9X","time":1506398400.0,"status":"filled","order-fee-amount":4.205,"order-fee-currency":"USD","fill-price":35.90388375,"fill-price-currency":"USD","fill-quantity":-841.0,"direction":"sell","is-assignment":false,"quantity":-841.0},{"id":"1623163122-27-1","algorithm-id":"1623163122","order-id":27,"order-event-id":1,"symbol":"AAPL R735QTJ8XC9X","time":1506571200.0,"status":"submitted","fill-price":0.0,"fill-price-currency":"USD","fill-quantity":0.0,"direction":"buy","is-assignment":false,"quantity":861.0},{"id":"1623163122-27-2","algorithm-id":"1623163122","order-id":27,"order-event-id":2,"symbol":"AAPL R735QTJ8XC9X","time":1506657600.0,"status":"filled","order-fee-amount":4.305,"order-fee-currency":"USD","fill-price":36.86132065,"fill-price-currency":"USD","fill-quantity":861.0,"direction":"buy","is-assignment":false,"quantity":861.0},{"id":"1623163122-28-1","algorithm-id":"1623163122","order-id":28,"order-event-id":1,"symbol":"AAPL R735QTJ8XC9X","time":1507089600.0,"status":"submitted","fill-price":0.0,"fill-price-currency":"USD","fill-quantity":0.0,"direction":"buy","is-assignment":false,"quantity":860.0},{"id":"1623163122-28-2","algorithm-id":"1623163122","order-id":28,"order-event-id":2,"symbol":"AAPL R735QTJ8XC9X","time":1507176000.0,"status":"filled","order-fee-amount":4.3,"order-fee-currency":"USD","fill-price":36.7895128825,"fill-price-currency":"USD","fill-quantity":860.0,"direction":"buy","is-assignment":false,"quantity":860.0},{"id":"1623163122-29-1","algorithm-id":"1623163122","order-id":29,"order-event-id":1,"symbol":"AAPL R735QTJ8XC9X","time":1507780800.0,"status":"submitted","fill-price":0.0,"fill-price-currency":"USD","fill-quantity":0.0,"direction":"buy","is-assignment":false,"quantity":847.0},{"id":"1623163122-29-2","algorithm-id":"1623163122","order-id":29,"order-event-id":2,"symbol":"AAPL R735QTJ8XC9X","time":1507867200.0,"status":"filled","order-fee-amount":4.235,"order-fee-currency":"USD","fill-price":37.42381482875,"fill-price-currency":"USD","fill-quantity":847.0,"direction":"buy","is-assignment":false,"quantity":847.0},{"id":"1623163122-30-1","algorithm-id":"1623163122","order-id":30,"order-event-id":1,"symbol":"AAPL R735QTJ8XC9X","time":1508212800.0,"status":"submitted","fill-price":0.0,"fill-price-currency":"USD","fill-quantity":0.0,"direction":"buy","is-assignment":false,"quantity":839.0},{"id":"1623163122-30-2","algorithm-id":"1623163122","order-id":30,"order-event-id":2,"symbol":"AAPL R735QTJ8XC9X","time":1508299200.0,"status":"filled","order-fee-amount":4.195,"order-fee-currency":"USD","fill-price":38.2639657085,"fill-price-currency":"USD","fill-quantity":839.0,"direction":"buy","is-assignment":false,"quantity":839.0},{"id":"1623163122-31-1","algorithm-id":"1623163122","order-id":31,"order-event-id":1,"symbol":"AAPL R735QTJ8XC9X","time":1508472000.0,"status":"submitted","fill-price":0.0,"fill-price-currency":"USD","fill-quantity":0.0,"direction":"sell","is-assignment":false,"quantity":-1704.0},{"id":"1623163122-31-2","algorithm-id":"1623163122","order-id":31,"order-event-id":2,"symbol":"AAPL R735QTJ8XC9X","time":1508558400.0,"status":"filled","order-fee-amount":8.52,"order-fee-currency":"USD","fill-price":37.59136628625,"fill-price-currency":"USD","fill-quantity":-1704.0,"direction":"sell","is-assignment":false,"quantity":-1704.0},{"id":"1623163122-32-1","algorithm-id":"1623163122","order-id":32,"order-event-id":1,"symbol":"AAPL R735QTJ8XC9X","time":1509163200.0,"status":"submitted","fill-price":0.0,"fill-price-currency":"USD","fill-quantity":0.0,"direction":"buy","is-assignment":false,"quantity":1641.0},{"id":"1623163122-32-2","algorithm-id":"1623163122","order-id":32,"order-event-id":2,"symbol":"AAPL R735QTJ8XC9X","time":1509422400.0,"status":"filled","order-fee-amount":8.205,"order-fee-currency":"USD","fill-price":39.2549129,"fill-price-currency":"USD","fill-quantity":1641.0,"direction":"buy","is-assignment":false,"quantity":1641.0},{"id":"1623163122-33-1","algorithm-id":"1623163122","order-id":33,"order-event-id":1,"symbol":"AAPL R735QTJ8XC9X","time":1510722000.0,"status":"submitted","fill-price":0.0,"fill-price-currency":"USD","fill-quantity":0.0,"direction":"sell","is-assignment":false,"quantity":-843.0},{"id":"1623163122-33-2","algorithm-id":"1623163122","order-id":33,"order-event-id":2,"symbol":"AAPL R735QTJ8XC9X","time":1510808400.0,"status":"filled","order-fee-amount":4.215,"order-fee-currency":"USD","fill-price":40.80611619225,"fill-price-currency":"USD","fill-quantity":-843.0,"direction":"sell","is-assignment":false,"quantity":-843.0},{"id":"1623163122-34-1","algorithm-id":"1623163122","order-id":34,"order-event-id":1,"symbol":"AAPL R735QTJ8XC9X","time":1510808400.0,"status":"submitted","fill-price":0.0,"fill-price-currency":"USD","fill-quantity":0.0,"direction":"sell","is-assignment":false,"quantity":-832.0},{"id":"1623163122-34-2","algorithm-id":"1623163122","order-id":34,"order-event-id":2,"symbol":"AAPL R735QTJ8XC9X","time":1510894800.0,"status":"filled","order-fee-amount":4.16,"order-fee-currency":"USD","fill-price":41.1208039665,"fill-price-currency":"USD","fill-quantity":-832.0,"direction":"sell","is-assignment":false,"quantity":-832.0},{"id":"1623163122-35-1","algorithm-id":"1623163122","order-id":35,"order-event-id":1,"symbol":"AAPL R735QTJ8XC9X","time":1511326800.0,"status":"submitted","fill-price":0.0,"fill-price-currency":"USD","fill-quantity":0.0,"direction":"buy","is-assignment":false,"quantity":813.0},{"id":"1623163122-35-2","algorithm-id":"1623163122","order-id":35,"order-event-id":2,"symbol":"AAPL R735QTJ8XC9X","time":1511413200.0,"status":"filled","order-fee-amount":4.065,"order-fee-currency":"USD","fill-price":41.64208066125,"fill-price-currency":"USD","fill-quantity":813.0,"direction":"buy","is-assignment":false,"quantity":813.0},{"id":"1623163122-36-1","algorithm-id":"1623163122","order-id":36,"order-event-id":1,"symbol":"AAPL R735QTJ8XC9X","time":1511413200.0,"status":"submitted","fill-price":0.0,"fill-price-currency":"USD","fill-quantity":0.0,"direction":"buy","is-assignment":false,"quantity":817.0},{"id":"1623163122-36-2","algorithm-id":"1623163122","order-id":36,"order-event-id":2,"symbol":"AAPL R735QTJ8XC9X","time":1511586000.0,"status":"filled","order-fee-amount":4.085,"order-fee-currency":"USD","fill-price":42.048051912,"fill-price-currency":"USD","fill-quantity":817.0,"direction":"buy","is-assignment":false,"quantity":817.0},{"id":"1623163122-37-1","algorithm-id":"1623163122","order-id":37,"order-event-id":1,"symbol":"AAPL R735QTJ8XC9X","time":1512018000.0,"status":"submitted","fill-price":0.0,"fill-price-currency":"USD","fill-quantity":0.0,"direction":"sell","is-assignment":false,"quantity":-2475.0},{"id":"1623163122-37-2","algorithm-id":"1623163122","order-id":37,"order-event-id":2,"symbol":"AAPL R735QTJ8XC9X","time":1512104400.0,"status":"filled","order-fee-amount":12.375,"order-fee-currency":"USD","fill-price":40.952650194,"fill-price-currency":"USD","fill-quantity":-2475.0,"direction":"sell","is-assignment":false,"quantity":-2475.0},{"id":"1623163122-38-1","algorithm-id":"1623163122","order-id":38,"order-event-id":1,"symbol":"AAPL R735QTJ8XC9X","time":1513054800.0,"status":"submitted","fill-price":0.0,"fill-price-currency":"USD","fill-quantity":0.0,"direction":"buy","is-assignment":false,"quantity":2443.0},{"id":"1623163122-38-2","algorithm-id":"1623163122","order-id":38,"order-event-id":2,"symbol":"AAPL R735QTJ8XC9X","time":1513141200.0,"status":"filled","order-fee-amount":12.215,"order-fee-currency":"USD","fill-price":41.35381705125,"fill-price-currency":"USD","fill-quantity":2443.0,"direction":"buy","is-assignment":false,"quantity":2443.0},{"id":"1623163122-39-1","algorithm-id":"1623163122","order-id":39,"order-event-id":1,"symbol":"AAPL R735QTJ8XC9X","time":1514350800.0,"status":"submitted","fill-price":0.0,"fill-price-currency":"USD","fill-quantity":0.0,"direction":"sell","is-assignment":false,"quantity":-2449.0},{"id":"1623163122-39-2","algorithm-id":"1623163122","order-id":39,"order-event-id":2,"symbol":"AAPL R735QTJ8XC9X","time":1514437200.0,"status":"filled","order-fee-amount":12.245,"order-fee-currency":"USD","fill-price":40.83734475,"fill-price-currency":"USD","fill-quantity":-2449.0,"direction":"sell","is-assignment":false,"quantity":-2449.0},{"id":"1623163122-40-1","algorithm-id":"1623163122","order-id":40,"order-event-id":1,"symbol":"AAPL R735QTJ8XC9X","time":1514955600.0,"status":"submitted","fill-price":0.0,"fill-price-currency":"USD","fill-quantity":0.0,"direction":"buy","is-assignment":false,"quantity":803.0},{"id":"1623163122-40-2","algorithm-id":"1623163122","order-id":40,"order-event-id":2,"symbol":"AAPL R735QTJ8XC9X","time":1515042000.0,"status":"filled","order-fee-amount":4.015,"order-fee-currency":"USD","fill-price":41.46431810175,"fill-price-currency":"USD","fill-quantity":803.0,"direction":"buy","is-assignment":false,"quantity":803.0},{"id":"1623163122-41-1","algorithm-id":"1623163122","order-id":41,"order-event-id":1,"symbol":"AAPL R735QTJ8XC9X","time":1515214800.0,"status":"submitted","fill-price":0.0,"fill-price-currency":"USD","fill-quantity":0.0,"direction":"buy","is-assignment":false,"quantity":1594.0},{"id":"1623163122-41-2","algorithm-id":"1623163122","order-id":41,"order-event-id":2,"symbol":"AAPL R735QTJ8XC9X","time":1515474000.0,"status":"filled","order-fee-amount":7.97,"order-fee-currency":"USD","fill-price":41.89431132,"fill-price-currency":"USD","fill-quantity":1594.0,"direction":"buy","is-assignment":false,"quantity":1594.0},{"id":"1623163122-42-1","algorithm-id":"1623163122","order-id":42,"order-event-id":1,"symbol":"AAPL R735QTJ8XC9X","time":1516856400.0,"status":"submitted","fill-price":0.0,"fill-price-currency":"USD","fill-quantity":0.0,"direction":"sell","is-assignment":false,"quantity":-1605.0},{"id":"1623163122-42-2","algorithm-id":"1623163122","order-id":42,"order-event-id":2,"symbol":"AAPL R735QTJ8XC9X","time":1516942800.0,"status":"filled","order-fee-amount":8.025,"order-fee-currency":"USD","fill-price":41.86788715575,"fill-price-currency":"USD","fill-quantity":-1605.0,"direction":"sell","is-assignment":false,"quantity":-1605.0},{"id":"1623163122-43-1","algorithm-id":"1623163122","order-id":43,"order-event-id":1,"symbol":"AAPL R735QTJ8XC9X","time":1516942800.0,"status":"submitted","fill-price":0.0,"fill-price-currency":"USD","fill-quantity":0.0,"direction":"sell","is-assignment":false,"quantity":-798.0},{"id":"1623163122-43-2","algorithm-id":"1623163122","order-id":43,"order-event-id":2,"symbol":"AAPL R735QTJ8XC9X","time":1517029200.0,"status":"filled","order-fee-amount":3.99,"order-fee-currency":"USD","fill-price":41.3177841,"fill-price-currency":"USD","fill-quantity":-798.0,"direction":"sell","is-assignment":false,"quantity":-798.0},{"id":"1623163122-44-1","algorithm-id":"1623163122","order-id":44,"order-event-id":1,"symbol":"AAPL R735QTJ8XC9X","time":1517288400.0,"status":"submitted","fill-price":0.0,"fill-price-currency":"USD","fill-quantity":0.0,"direction":"sell","is-assignment":false,"quantity":-812.0},{"id":"1623163122-44-2","algorithm-id":"1623163122","order-id":44,"order-event-id":2,"symbol":"AAPL R735QTJ8XC9X","time":1517374800.0,"status":"filled","order-fee-amount":4.06,"order-fee-currency":"USD","fill-price":39.751551819,"fill-price-currency":"USD","fill-quantity":-812.0,"direction":"sell","is-assignment":false,"quantity":-812.0},{"id":"1623163122-45-1","algorithm-id":"1623163122","order-id":45,"order-event-id":1,"symbol":"AAPL R735QTJ8XC9X","time":1518498000.0,"status":"submitted","fill-price":0.0,"fill-price-currency":"USD","fill-quantity":0.0,"direction":"buy","is-assignment":false,"quantity":845.0},{"id":"1623163122-45-2","algorithm-id":"1623163122","order-id":45,"order-event-id":2,"symbol":"AAPL R735QTJ8XC9X","time":1518584400.0,"status":"filled","order-fee-amount":4.225,"order-fee-currency":"USD","fill-price":39.05013429,"fill-price-currency":"USD","fill-quantity":845.0,"direction":"buy","is-assignment":false,"quantity":845.0},{"id":"1623163122-46-1","algorithm-id":"1623163122","order-id":46,"order-event-id":1,"symbol":"AAPL R735QTJ8XC9X","time":1518584400.0,"status":"submitted","fill-price":0.0,"fill-price-currency":"USD","fill-quantity":0.0,"direction":"buy","is-assignment":false,"quantity":834.0},{"id":"1623163122-46-2","algorithm-id":"1623163122","order-id":46,"order-event-id":2,"symbol":"AAPL R735QTJ8XC9X","time":1518670800.0,"status":"filled","order-fee-amount":4.17,"order-fee-currency":"USD","fill-price":39.332337237,"fill-price-currency":"USD","fill-quantity":834.0,"direction":"buy","is-assignment":false,"quantity":834.0},{"id":"1623163122-47-1","algorithm-id":"1623163122","order-id":47,"order-event-id":1,"symbol":"AAPL R735QTJ8XC9X","time":1518757200.0,"status":"submitted","fill-price":0.0,"fill-price-currency":"USD","fill-quantity":0.0,"direction":"buy","is-assignment":false,"quantity":1602.0},{"id":"1623163122-47-2","algorithm-id":"1623163122","order-id":47,"order-event-id":2,"symbol":"AAPL R735QTJ8XC9X","time":1518843600.0,"status":"filled","order-fee-amount":8.01,"order-fee-currency":"USD","fill-price":41.58272484,"fill-price-currency":"USD","fill-quantity":1602.0,"direction":"buy","is-assignment":false,"quantity":1602.0},{"id":"1623163122-48-1","algorithm-id":"1623163122","order-id":48,"order-event-id":1,"symbol":"AAPL R735QTJ8XC9X","time":1519966800.0,"status":"submitted","fill-price":0.0,"fill-price-currency":"USD","fill-quantity":0.0,"direction":"sell","is-assignment":false,"quantity":-817.0},{"id":"1623163122-48-2","algorithm-id":"1623163122","order-id":48,"order-event-id":2,"symbol":"AAPL R735QTJ8XC9X","time":1520053200.0,"status":"filled","order-fee-amount":4.085,"order-fee-currency":"USD","fill-price":41.647848597,"fill-price-currency":"USD","fill-quantity":-817.0,"direction":"sell","is-assignment":false,"quantity":-817.0},{"id":"1623163122-49-1","algorithm-id":"1623163122","order-id":49,"order-event-id":1,"symbol":"AAPL R735QTJ8XC9X","time":1520658000.0,"status":"submitted","fill-price":0.0,"fill-price-currency":"USD","fill-quantity":0.0,"direction":"buy","is-assignment":false,"quantity":789.0},{"id":"1623163122-49-2","algorithm-id":"1623163122","order-id":49,"order-event-id":2,"symbol":"AAPL R735QTJ8XC9X","time":1520913600.0,"status":"filled","order-fee-amount":3.945,"order-fee-currency":"USD","fill-price":43.471313793,"fill-price-currency":"USD","fill-quantity":789.0,"direction":"buy","is-assignment":false,"quantity":789.0},{"id":"1623163122-50-1","algorithm-id":"1623163122","order-id":50,"order-event-id":1,"symbol":"AAPL R735QTJ8XC9X","time":1521259200.0,"status":"submitted","fill-price":0.0,"fill-price-currency":"USD","fill-quantity":0.0,"direction":"sell","is-assignment":false,"quantity":-815.0},{"id":"1623163122-50-2","algorithm-id":"1623163122","order-id":50,"order-event-id":2,"symbol":"AAPL R735QTJ8XC9X","time":1521518400.0,"status":"filled","order-fee-amount":4.075,"order-fee-currency":"USD","fill-price":42.752540475,"fill-price-currency":"USD","fill-quantity":-815.0,"direction":"sell","is-assignment":false,"quantity":-815.0},{"id":"1623163122-51-1","algorithm-id":"1623163122","order-id":51,"order-event-id":1,"symbol":"AAPL R735QTJ8XC9X","time":1521518400.0,"status":"submitted","fill-price":0.0,"fill-price-currency":"USD","fill-quantity":0.0,"direction":"sell","is-assignment":false,"quantity":-1623.0},{"id":"1623163122-51-2","algorithm-id":"1623163122","order-id":51,"order-event-id":2,"symbol":"AAPL R735QTJ8XC9X","time":1521604800.0,"status":"filled","order-fee-amount":8.115,"order-fee-currency":"USD","fill-price":42.277378248,"fill-price-currency":"USD","fill-quantity":-1623.0,"direction":"sell","is-assignment":false,"quantity":-1623.0},{"id":"1623163122-52-1","algorithm-id":"1623163122","order-id":52,"order-event-id":1,"symbol":"AAPL R735QTJ8XC9X","time":1521777600.0,"status":"submitted","fill-price":0.0,"fill-price-currency":"USD","fill-quantity":0.0,"direction":"sell","is-assignment":false,"quantity":-815.0},{"id":"1623163122-52-2","algorithm-id":"1623163122","order-id":52,"order-event-id":2,"symbol":"AAPL R735QTJ8XC9X","time":1521864000.0,"status":"filled","order-fee-amount":4.075,"order-fee-currency":"USD","fill-price":40.673404233,"fill-price-currency":"USD","fill-quantity":-815.0,"direction":"sell","is-assignment":false,"quantity":-815.0},{"id":"1623163122-53-1","algorithm-id":"1623163122","order-id":53,"order-event-id":1,"symbol":"AAPL R735QTJ8XC9X","time":1522900800.0,"status":"submitted","fill-price":0.0,"fill-price-currency":"USD","fill-quantity":0.0,"direction":"buy","is-assignment":false,"quantity":824.0},{"id":"1623163122-53-2","algorithm-id":"1623163122","order-id":53,"order-event-id":2,"symbol":"AAPL R735QTJ8XC9X","time":1522987200.0,"status":"filled","order-fee-amount":4.12,"order-fee-currency":"USD","fill-price":41.614080723,"fill-price-currency":"USD","fill-quantity":824.0,"direction":"buy","is-assignment":false,"quantity":824.0},{"id":"1623163122-54-1","algorithm-id":"1623163122","order-id":54,"order-event-id":1,"symbol":"AAPL R735QTJ8XC9X","time":1522987200.0,"status":"submitted","fill-price":0.0,"fill-price-currency":"USD","fill-quantity":0.0,"direction":"buy","is-assignment":false,"quantity":814.0},{"id":"1623163122-54-2","algorithm-id":"1623163122","order-id":54,"order-event-id":2,"symbol":"AAPL R735QTJ8XC9X","time":1523073600.0,"status":"filled","order-fee-amount":4.07,"order-fee-currency":"USD","fill-price":41.249870082,"fill-price-currency":"USD","fill-quantity":814.0,"direction":"buy","is-assignment":false,"quantity":814.0},{"id":"1623163122-55-1","algorithm-id":"1623163122","order-id":55,"order-event-id":1,"symbol":"AAPL R735QTJ8XC9X","time":1523592000.0,"status":"submitted","fill-price":0.0,"fill-price-currency":"USD","fill-quantity":0.0,"direction":"buy","is-assignment":false,"quantity":1634.0},{"id":"1623163122-55-2","algorithm-id":"1623163122","order-id":55,"order-event-id":2,"symbol":"AAPL R735QTJ8XC9X","time":1523678400.0,"status":"filled","order-fee-amount":8.17,"order-fee-currency":"USD","fill-price":42.180898608,"fill-price-currency":"USD","fill-quantity":1634.0,"direction":"buy","is-assignment":false,"quantity":1634.0},{"id":"1623163122-56-1","algorithm-id":"1623163122","order-id":56,"order-event-id":1,"symbol":"AAPL R735QTJ8XC9X","time":1524196800.0,"status":"submitted","fill-price":0.0,"fill-price-currency":"USD","fill-quantity":0.0,"direction":"sell","is-assignment":false,"quantity":-1640.0},{"id":"1623163122-56-2","algorithm-id":"1623163122","order-id":56,"order-event-id":2,"symbol":"AAPL R735QTJ8XC9X","time":1524283200.0,"status":"filled","order-fee-amount":8.2,"order-fee-currency":"USD","fill-price":41.112386595,"fill-price-currency":"USD","fill-quantity":-1640.0,"direction":"sell","is-assignment":false,"quantity":-1640.0},{"id":"1623163122-57-1","algorithm-id":"1623163122","order-id":57,"order-event-id":1,"symbol":"AAPL R735QTJ8XC9X","time":1524283200.0,"status":"submitted","fill-price":0.0,"fill-price-currency":"USD","fill-quantity":0.0,"direction":"sell","is-assignment":false,"quantity":-1632.0},{"id":"1623163122-57-2","algorithm-id":"1623163122","order-id":57,"order-event-id":2,"symbol":"AAPL R735QTJ8XC9X","time":1524542400.0,"status":"filled","order-fee-amount":8.16,"order-fee-currency":"USD","fill-price":40.246481826,"fill-price-currency":"USD","fill-quantity":-1632.0,"direction":"sell","is-assignment":false,"quantity":-1632.0},{"id":"1623163122-58-1","algorithm-id":"1623163122","order-id":58,"order-event-id":1,"symbol":"AAPL R735QTJ8XC9X","time":1525233600.0,"status":"submitted","fill-price":0.0,"fill-price-currency":"USD","fill-quantity":0.0,"direction":"buy","is-assignment":false,"quantity":814.0},{"id":"1623163122-58-2","algorithm-id":"1623163122","order-id":58,"order-event-id":2,"symbol":"AAPL R735QTJ8XC9X","time":1525320000.0,"status":"filled","order-fee-amount":4.07,"order-fee-currency":"USD","fill-price":42.270142275,"fill-price-currency":"USD","fill-quantity":814.0,"direction":"buy","is-assignment":false,"quantity":814.0},{"id":"1623163122-59-1","algorithm-id":"1623163122","order-id":59,"order-event-id":1,"symbol":"AAPL R735QTJ8XC9X","time":1525320000.0,"status":"submitted","fill-price":0.0,"fill-price-currency":"USD","fill-quantity":0.0,"direction":"buy","is-assignment":false,"quantity":2310.0},{"id":"1623163122-59-2","algorithm-id":"1623163122","order-id":59,"order-event-id":2,"symbol":"AAPL R735QTJ8XC9X","time":1525406400.0,"status":"filled","order-fee-amount":11.55,"order-fee-currency":"USD","fill-price":42.373857888,"fill-price-currency":"USD","fill-quantity":2310.0,"direction":"buy","is-assignment":false,"quantity":2310.0},{"id":"1623163122-60-1","algorithm-id":"1623163122","order-id":60,"order-event-id":1,"symbol":"AAPL R735QTJ8XC9X","time":1528776000.0,"status":"submitted","fill-price":0.0,"fill-price-currency":"USD","fill-quantity":0.0,"direction":"sell","is-assignment":false,"quantity":-773.0},{"id":"1623163122-60-2","algorithm-id":"1623163122","order-id":60,"order-event-id":2,"symbol":"AAPL R735QTJ8XC9X","time":1528862400.0,"status":"filled","order-fee-amount":3.865,"order-fee-currency":"USD","fill-price":46.3386815115,"fill-price-currency":"USD","fill-quantity":-773.0,"direction":"sell","is-assignment":false,"quantity":-773.0},{"id":"1623163122-61-1","algorithm-id":"1623163122","order-id":61,"order-event-id":1,"symbol":"AAPL R735QTJ8XC9X","time":1529121600.0,"status":"submitted","fill-price":0.0,"fill-price-currency":"USD","fill-quantity":0.0,"direction":"sell","is-assignment":false,"quantity":-779.0},{"id":"1623163122-61-2","algorithm-id":"1623163122","order-id":61,"order-event-id":2,"symbol":"AAPL R735QTJ8XC9X","time":1529380800.0,"status":"filled","order-fee-amount":3.895,"order-fee-currency":"USD","fill-price":45.44522485575,"fill-price-currency":"USD","fill-quantity":-779.0,"direction":"sell","is-assignment":false,"quantity":-779.0},{"id":"1623163122-62-1","algorithm-id":"1623163122","order-id":62,"order-event-id":1,"symbol":"AAPL R735QTJ8XC9X","time":1529380800.0,"status":"submitted","fill-price":0.0,"fill-price-currency":"USD","fill-quantity":0.0,"direction":"sell","is-assignment":false,"quantity":-787.0},{"id":"1623163122-62-2","algorithm-id":"1623163122","order-id":62,"order-event-id":2,"symbol":"AAPL R735QTJ8XC9X","time":1529467200.0,"status":"filled","order-fee-amount":3.935,"order-fee-currency":"USD","fill-price":44.87380000275,"fill-price-currency":"USD","fill-quantity":-787.0,"direction":"sell","is-assignment":false,"quantity":-787.0},{"id":"1623163122-63-1","algorithm-id":"1623163122","order-id":63,"order-event-id":1,"symbol":"AAPL R735QTJ8XC9X","time":1530590400.0,"status":"submitted","fill-price":0.0,"fill-price-currency":"USD","fill-quantity":0.0,"direction":"buy","is-assignment":false,"quantity":1575.0},{"id":"1623163122-63-2","algorithm-id":"1623163122","order-id":63,"order-event-id":2,"symbol":"AAPL R735QTJ8XC9X","time":1530676800.0,"status":"filled","order-fee-amount":7.875,"order-fee-currency":"USD","fill-price":45.46459518975,"fill-price-currency":"USD","fill-quantity":1575.0,"direction":"buy","is-assignment":false,"quantity":1575.0},{"id":"1623163122-64-1","algorithm-id":"1623163122","order-id":64,"order-event-id":1,"symbol":"AAPL R735QTJ8XC9X","time":1531195200.0,"status":"submitted","fill-price":0.0,"fill-price-currency":"USD","fill-quantity":0.0,"direction":"buy","is-assignment":false,"quantity":767.0},{"id":"1623163122-64-2","algorithm-id":"1623163122","order-id":64,"order-event-id":2,"symbol":"AAPL R735QTJ8XC9X","time":1531281600.0,"status":"filled","order-fee-amount":3.835,"order-fee-currency":"USD","fill-price":46.19824659,"fill-price-currency":"USD","fill-quantity":767.0,"direction":"buy","is-assignment":false,"quantity":767.0},{"id":"1623163122-65-1","algorithm-id":"1623163122","order-id":65,"order-event-id":1,"symbol":"AAPL R735QTJ8XC9X","time":1532750400.0,"status":"submitted","fill-price":0.0,"fill-price-currency":"USD","fill-quantity":0.0,"direction":"sell","is-assignment":false,"quantity":-782.0},{"id":"1623163122-65-2","algorithm-id":"1623163122","order-id":65,"order-event-id":2,"symbol":"AAPL R735QTJ8XC9X","time":1533009600.0,"status":"filled","order-fee-amount":3.91,"order-fee-currency":"USD","fill-price":46.4645886825,"fill-price-currency":"USD","fill-quantity":-782.0,"direction":"sell","is-assignment":false,"quantity":-782.0},{"id":"1623163122-66-1","algorithm-id":"1623163122","order-id":66,"order-event-id":1,"symbol":"AAPL R735QTJ8XC9X","time":1533009600.0,"status":"submitted","fill-price":0.0,"fill-price-currency":"USD","fill-quantity":0.0,"direction":"sell","is-assignment":false,"quantity":-778.0},{"id":"1623163122-66-2","algorithm-id":"1623163122","order-id":66,"order-event-id":2,"symbol":"AAPL R735QTJ8XC9X","time":1533096000.0,"status":"filled","order-fee-amount":3.89,"order-fee-currency":"USD","fill-price":46.07960329425,"fill-price-currency":"USD","fill-quantity":-778.0,"direction":"sell","is-assignment":false,"quantity":-778.0},{"id":"1623163122-67-1","algorithm-id":"1623163122","order-id":67,"order-event-id":1,"symbol":"AAPL R735QTJ8XC9X","time":1533182400.0,"status":"submitted","fill-price":0.0,"fill-price-currency":"USD","fill-quantity":0.0,"direction":"buy","is-assignment":false,"quantity":1479.0},{"id":"1623163122-67-2","algorithm-id":"1623163122","order-id":67,"order-event-id":2,"symbol":"AAPL R735QTJ8XC9X","time":1533268800.0,"status":"filled","order-fee-amount":7.395,"order-fee-currency":"USD","fill-price":48.5178440865,"fill-price-currency":"USD","fill-quantity":1479.0,"direction":"buy","is-assignment":false,"quantity":1479.0},{"id":"1623163122-68-1","algorithm-id":"1623163122","order-id":68,"order-event-id":1,"symbol":"AAPL R735QTJ8XC9X","time":1536292800.0,"status":"submitted","fill-price":0.0,"fill-price-currency":"USD","fill-quantity":0.0,"direction":"sell","is-assignment":false,"quantity":-756.0},{"id":"1623163122-68-2","algorithm-id":"1623163122","order-id":68,"order-event-id":2,"symbol":"AAPL R735QTJ8XC9X","time":1536379200.0,"status":"filled","order-fee-amount":3.78,"order-fee-currency":"USD","fill-price":53.926614999,"fill-price-currency":"USD","fill-quantity":-756.0,"direction":"sell","is-assignment":false,"quantity":-756.0},{"id":"1623163122-69-1","algorithm-id":"1623163122","order-id":69,"order-event-id":1,"symbol":"AAPL R735QTJ8XC9X","time":1536638400.0,"status":"submitted","fill-price":0.0,"fill-price-currency":"USD","fill-quantity":0.0,"direction":"sell","is-assignment":false,"quantity":-757.0},{"id":"1623163122-69-2","algorithm-id":"1623163122","order-id":69,"order-event-id":2,"symbol":"AAPL R735QTJ8XC9X","time":1536724800.0,"status":"filled","order-fee-amount":3.785,"order-fee-currency":"USD","fill-price":52.9474122485,"fill-price-currency":"USD","fill-quantity":-757.0,"direction":"sell","is-assignment":false,"quantity":-757.0},{"id":"1623163122-70-1","algorithm-id":"1623163122","order-id":70,"order-event-id":1,"symbol":"AAPL R735QTJ8XC9X","time":1536897600.0,"status":"submitted","fill-price":0.0,"fill-price-currency":"USD","fill-quantity":0.0,"direction":"buy","is-assignment":false,"quantity":724.0},{"id":"1623163122-70-2","algorithm-id":"1623163122","order-id":70,"order-event-id":2,"symbol":"AAPL R735QTJ8XC9X","time":1536984000.0,"status":"filled","order-fee-amount":3.62,"order-fee-currency":"USD","fill-price":54.791617925,"fill-price-currency":"USD","fill-quantity":724.0,"direction":"buy","is-assignment":false,"quantity":724.0},{"id":"1623163122-71-1","algorithm-id":"1623163122","order-id":71,"order-event-id":1,"symbol":"AAPL R735QTJ8XC9X","time":1537243200.0,"status":"submitted","fill-price":0.0,"fill-price-currency":"USD","fill-quantity":0.0,"direction":"sell","is-assignment":false,"quantity":-1497.0},{"id":"1623163122-71-2","algorithm-id":"1623163122","order-id":71,"order-event-id":2,"symbol":"AAPL R735QTJ8XC9X","time":1537329600.0,"status":"filled","order-fee-amount":7.485,"order-fee-currency":"USD","fill-price":52.891527228,"fill-price-currency":"USD","fill-quantity":-1497.0,"direction":"sell","is-assignment":false,"quantity":-1497.0},{"id":"1623163122-72-1","algorithm-id":"1623163122","order-id":72,"order-event-id":1,"symbol":"AAPL R735QTJ8XC9X","time":1537934400.0,"status":"submitted","fill-price":0.0,"fill-price-currency":"USD","fill-quantity":0.0,"direction":"buy","is-assignment":false,"quantity":738.0},{"id":"1623163122-72-2","algorithm-id":"1623163122","order-id":72,"order-event-id":2,"symbol":"AAPL R735QTJ8XC9X","time":1538020800.0,"status":"filled","order-fee-amount":3.69,"order-fee-currency":"USD","fill-price":53.7346621025,"fill-price-currency":"USD","fill-quantity":738.0,"direction":"buy","is-assignment":false,"quantity":738.0},{"id":"1623163122-73-1","algorithm-id":"1623163122","order-id":73,"order-event-id":1,"symbol":"AAPL R735QTJ8XC9X","time":1538107200.0,"status":"submitted","fill-price":0.0,"fill-price-currency":"USD","fill-quantity":0.0,"direction":"buy","is-assignment":false,"quantity":1483.0},{"id":"1623163122-73-2","algorithm-id":"1623163122","order-id":73,"order-event-id":2,"symbol":"AAPL R735QTJ8XC9X","time":1538193600.0,"status":"filled","order-fee-amount":7.415,"order-fee-currency":"USD","fill-price":54.62153308,"fill-price-currency":"USD","fill-quantity":1483.0,"direction":"buy","is-assignment":false,"quantity":1483.0},{"id":"1623163122-74-1","algorithm-id":"1623163122","order-id":74,"order-event-id":1,"symbol":"AAPL R735QTJ8XC9X","time":1538798400.0,"status":"submitted","fill-price":0.0,"fill-price-currency":"USD","fill-quantity":0.0,"direction":"sell","is-assignment":false,"quantity":-745.0},{"id":"1623163122-74-2","algorithm-id":"1623163122","order-id":74,"order-event-id":2,"symbol":"AAPL R735QTJ8XC9X","time":1539057600.0,"status":"filled","order-fee-amount":3.725,"order-fee-currency":"USD","fill-price":53.955772401,"fill-price-currency":"USD","fill-quantity":-745.0,"direction":"sell","is-assignment":false,"quantity":-745.0},{"id":"1623163122-75-1","algorithm-id":"1623163122","order-id":75,"order-event-id":1,"symbol":"AAPL R735QTJ8XC9X","time":1539230400.0,"status":"submitted","fill-price":0.0,"fill-price-currency":"USD","fill-quantity":0.0,"direction":"sell","is-assignment":false,"quantity":-1486.0},{"id":"1623163122-75-2","algorithm-id":"1623163122","order-id":75,"order-event-id":2,"symbol":"AAPL R735QTJ8XC9X","time":1539316800.0,"status":"filled","order-fee-amount":7.43,"order-fee-currency":"USD","fill-price":52.1261454255,"fill-price-currency":"USD","fill-quantity":-1486.0,"direction":"sell","is-assignment":false,"quantity":-1486.0},{"id":"1623163122-76-1","algorithm-id":"1623163122","order-id":76,"order-event-id":1,"symbol":"AAPL R735QTJ8XC9X","time":1540353600.0,"status":"submitted","fill-price":0.0,"fill-price-currency":"USD","fill-quantity":0.0,"direction":"buy","is-assignment":false,"quantity":1443.0},{"id":"1623163122-76-2","algorithm-id":"1623163122","order-id":76,"order-event-id":2,"symbol":"AAPL R735QTJ8XC9X","time":1540440000.0,"status":"filled","order-fee-amount":7.215,"order-fee-currency":"USD","fill-price":54.111278545,"fill-price-currency":"USD","fill-quantity":1443.0,"direction":"buy","is-assignment":false,"quantity":1443.0},{"id":"1623163122-77-1","algorithm-id":"1623163122","order-id":77,"order-event-id":1,"symbol":"AAPL R735QTJ8XC9X","time":1540440000.0,"status":"submitted","fill-price":0.0,"fill-price-currency":"USD","fill-quantity":0.0,"direction":"sell","is-assignment":false,"quantity":-2193.0},{"id":"1623163122-77-2","algorithm-id":"1623163122","order-id":77,"order-event-id":2,"symbol":"AAPL R735QTJ8XC9X","time":1540526400.0,"status":"filled","order-fee-amount":10.965,"order-fee-currency":"USD","fill-price":52.8502209085,"fill-price-currency":"USD","fill-quantity":-2193.0,"direction":"sell","is-assignment":false,"quantity":-2193.0},{"id":"1623163122-78-1","algorithm-id":"1623163122","order-id":78,"order-event-id":1,"symbol":"AAPL R735QTJ8XC9X","time":1541131200.0,"status":"submitted","fill-price":0.0,"fill-price-currency":"USD","fill-quantity":0.0,"direction":"buy","is-assignment":false,"quantity":2160.0},{"id":"1623163122-78-2","algorithm-id":"1623163122","order-id":78,"order-event-id":2,"symbol":"AAPL R735QTJ8XC9X","time":1541217600.0,"status":"filled","order-fee-amount":10.8,"order-fee-currency":"USD","fill-price":50.9161132425,"fill-price-currency":"USD","fill-quantity":2160.0,"direction":"buy","is-assignment":false,"quantity":2160.0},{"id":"1623163122-79-1","algorithm-id":"1623163122","order-id":79,"order-event-id":1,"symbol":"AAPL R735QTJ8XC9X","time":1541217600.0,"status":"submitted","fill-price":0.0,"fill-price-currency":"USD","fill-quantity":0.0,"direction":"sell","is-assignment":false,"quantity":-2160.0},{"id":"1623163122-79-2","algorithm-id":"1623163122","order-id":79,"order-event-id":2,"symbol":"AAPL R735QTJ8XC9X","time":1541480400.0,"status":"filled","order-fee-amount":10.8,"order-fee-currency":"USD","fill-price":49.6623449565,"fill-price-currency":"USD","fill-quantity":-2160.0,"direction":"sell","is-assignment":false,"quantity":-2160.0},{"id":"1623163122-80-1","algorithm-id":"1623163122","order-id":80,"order-event-id":1,"symbol":"AAPL R735QTJ8XC9X","time":1541739600.0,"status":"submitted","fill-price":0.0,"fill-price-currency":"USD","fill-quantity":0.0,"direction":"buy","is-assignment":false,"quantity":751.0},{"id":"1623163122-80-2","algorithm-id":"1623163122","order-id":80,"order-event-id":2,"symbol":"AAPL R735QTJ8XC9X","time":1541826000.0,"status":"filled","order-fee-amount":3.755,"order-fee-currency":"USD","fill-price":50.1184651325,"fill-price-currency":"USD","fill-quantity":751.0,"direction":"buy","is-assignment":false,"quantity":751.0},{"id":"1623163122-81-1","algorithm-id":"1623163122","order-id":81,"order-event-id":1,"symbol":"AAPL R735QTJ8XC9X","time":1542085200.0,"status":"submitted","fill-price":0.0,"fill-price-currency":"USD","fill-quantity":0.0,"direction":"sell","is-assignment":false,"quantity":-751.0},{"id":"1623163122-81-2","algorithm-id":"1623163122","order-id":81,"order-event-id":2,"symbol":"AAPL R735QTJ8XC9X","time":1542171600.0,"status":"filled","order-fee-amount":3.755,"order-fee-currency":"USD","fill-price":46.746349478,"fill-price-currency":"USD","fill-quantity":-751.0,"direction":"sell","is-assignment":false,"quantity":-751.0},{"id":"1623163122-82-1","algorithm-id":"1623163122","order-id":82,"order-event-id":1,"symbol":"AAPL R735QTJ8XC9X","time":1543467600.0,"status":"submitted","fill-price":0.0,"fill-price-currency":"USD","fill-quantity":0.0,"direction":"buy","is-assignment":false,"quantity":851.0},{"id":"1623163122-82-2","algorithm-id":"1623163122","order-id":82,"order-event-id":2,"symbol":"AAPL R735QTJ8XC9X","time":1543554000.0,"status":"filled","order-fee-amount":4.255,"order-fee-currency":"USD","fill-price":44.5543523895,"fill-price-currency":"USD","fill-quantity":851.0,"direction":"buy","is-assignment":false,"quantity":851.0},{"id":"1623163122-83-1","algorithm-id":"1623163122","order-id":83,"order-event-id":1,"symbol":"AAPL R735QTJ8XC9X","time":1543899600.0,"status":"submitted","fill-price":0.0,"fill-price-currency":"USD","fill-quantity":0.0,"direction":"buy","is-assignment":false,"quantity":820.0},{"id":"1623163122-83-2","algorithm-id":"1623163122","order-id":83,"order-event-id":2,"symbol":"AAPL R735QTJ8XC9X","time":1543986000.0,"status":"filled","order-fee-amount":4.1,"order-fee-currency":"USD","fill-price":44.13253315,"fill-price-currency":"USD","fill-quantity":820.0,"direction":"buy","is-assignment":false,"quantity":820.0},{"id":"1623163122-84-1","algorithm-id":"1623163122","order-id":84,"order-event-id":1,"symbol":"AAPL R735QTJ8XC9X","time":1543986000.0,"status":"submitted","fill-price":0.0,"fill-price-currency":"USD","fill-quantity":0.0,"direction":"sell","is-assignment":false,"quantity":-812.0},{"id":"1623163122-84-2","algorithm-id":"1623163122","order-id":84,"order-event-id":2,"symbol":"AAPL R735QTJ8XC9X","time":1544158800.0,"status":"filled","order-fee-amount":4.06,"order-fee-currency":"USD","fill-price":41.874703001,"fill-price-currency":"USD","fill-quantity":-812.0,"direction":"sell","is-assignment":false,"quantity":-812.0},{"id":"1623163122-85-1","algorithm-id":"1623163122","order-id":85,"order-event-id":1,"symbol":"AAPL R735QTJ8XC9X","time":1544158800.0,"status":"submitted","fill-price":0.0,"fill-price-currency":"USD","fill-quantity":0.0,"direction":"sell","is-assignment":false,"quantity":-859.0},{"id":"1623163122-85-2","algorithm-id":"1623163122","order-id":85,"order-event-id":2,"symbol":"AAPL R735QTJ8XC9X","time":1544245200.0,"status":"filled","order-fee-amount":4.295,"order-fee-currency":"USD","fill-price":42.2916457175,"fill-price-currency":"USD","fill-quantity":-859.0,"direction":"sell","is-assignment":false,"quantity":-859.0},{"id":"1623163122-86-1","algorithm-id":"1623163122","order-id":86,"order-event-id":1,"symbol":"AAPL R735QTJ8XC9X","time":1546318800.0,"status":"submitted","fill-price":0.0,"fill-price-currency":"USD","fill-quantity":0.0,"direction":"buy","is-assignment":false,"quantity":951.0},{"id":"1623163122-86-2","algorithm-id":"1623163122","order-id":86,"order-event-id":2,"symbol":"AAPL R735QTJ8XC9X","time":1546491600.0,"status":"filled","order-fee-amount":4.755,"order-fee-currency":"USD","fill-price":37.74428802,"fill-price-currency":"USD","fill-quantity":951.0,"direction":"buy","is-assignment":false,"quantity":951.0},{"id":"1623163122-87-1","algorithm-id":"1623163122","order-id":87,"order-event-id":1,"symbol":"AAPL R735QTJ8XC9X","time":1546578000.0,"status":"submitted","fill-price":0.0,"fill-price-currency":"USD","fill-quantity":0.0,"direction":"sell","is-assignment":false,"quantity":-951.0},{"id":"1623163122-87-2","algorithm-id":"1623163122","order-id":87,"order-event-id":2,"symbol":"AAPL R735QTJ8XC9X","time":1546664400.0,"status":"filled","order-fee-amount":4.755,"order-fee-currency":"USD","fill-price":35.232878675,"fill-price-currency":"USD","fill-quantity":-951.0,"direction":"sell","is-assignment":false,"quantity":-951.0},{"id":"1623163122-88-1","algorithm-id":"1623163122","order-id":88,"order-event-id":1,"symbol":"AAPL R735QTJ8XC9X","time":1547096400.0,"status":"submitted","fill-price":0.0,"fill-price-currency":"USD","fill-quantity":0.0,"direction":"buy","is-assignment":false,"quantity":963.0},{"id":"1623163122-88-2","algorithm-id":"1623163122","order-id":88,"order-event-id":2,"symbol":"AAPL R735QTJ8XC9X","time":1547182800.0,"status":"filled","order-fee-amount":4.815,"order-fee-currency":"USD","fill-price":37.139599168,"fill-price-currency":"USD","fill-quantity":963.0,"direction":"buy","is-assignment":false,"quantity":963.0},{"id":"1623163122-89-1","algorithm-id":"1623163122","order-id":89,"order-event-id":1,"symbol":"AAPL R735QTJ8XC9X","time":1547182800.0,"status":"submitted","fill-price":0.0,"fill-price-currency":"USD","fill-quantity":0.0,"direction":"buy","is-assignment":false,"quantity":962.0},{"id":"1623163122-89-2","algorithm-id":"1623163122","order-id":89,"order-event-id":2,"symbol":"AAPL R735QTJ8XC9X","time":1547269200.0,"status":"filled","order-fee-amount":4.81,"order-fee-currency":"USD","fill-price":37.2834565965,"fill-price-currency":"USD","fill-quantity":962.0,"direction":"buy","is-assignment":false,"quantity":962.0},{"id":"1623163122-90-1","algorithm-id":"1623163122","order-id":90,"order-event-id":1,"symbol":"AAPL R735QTJ8XC9X","time":1547787600.0,"status":"submitted","fill-price":0.0,"fill-price-currency":"USD","fill-quantity":0.0,"direction":"buy","is-assignment":false,"quantity":947.0},{"id":"1623163122-90-2","algorithm-id":"1623163122","order-id":90,"order-event-id":2,"symbol":"AAPL R735QTJ8XC9X","time":1547874000.0,"status":"filled","order-fee-amount":4.735,"order-fee-currency":"USD","fill-price":38.42700124,"fill-price-currency":"USD","fill-quantity":947.0,"direction":"buy","is-assignment":false,"quantity":947.0},{"id":"1623163122-91-1","algorithm-id":"1623163122","order-id":91,"order-event-id":1,"symbol":"AAPL R735QTJ8XC9X","time":1548392400.0,"status":"submitted","fill-price":0.0,"fill-price-currency":"USD","fill-quantity":0.0,"direction":"sell","is-assignment":false,"quantity":-953.0},{"id":"1623163122-91-2","algorithm-id":"1623163122","order-id":91,"order-event-id":2,"symbol":"AAPL R735QTJ8XC9X","time":1548478800.0,"status":"filled","order-fee-amount":4.765,"order-fee-currency":"USD","fill-price":37.910089802,"fill-price-currency":"USD","fill-quantity":-953.0,"direction":"sell","is-assignment":false,"quantity":-953.0},{"id":"1623163122-92-1","algorithm-id":"1623163122","order-id":92,"order-event-id":1,"symbol":"AAPL R735QTJ8XC9X","time":1548478800.0,"status":"submitted","fill-price":0.0,"fill-price-currency":"USD","fill-quantity":0.0,"direction":"buy","is-assignment":false,"quantity":926.0},{"id":"1623163122-92-2","algorithm-id":"1623163122","order-id":92,"order-event-id":2,"symbol":"AAPL R735QTJ8XC9X","time":1548738000.0,"status":"filled","order-fee-amount":4.63,"order-fee-currency":"USD","fill-price":37.997867216,"fill-price-currency":"USD","fill-quantity":926.0,"direction":"buy","is-assignment":false,"quantity":926.0},{"id":"1623163122-93-1","algorithm-id":"1623163122","order-id":93,"order-event-id":1,"symbol":"AAPL R735QTJ8XC9X","time":1549429200.0,"status":"submitted","fill-price":0.0,"fill-price-currency":"USD","fill-quantity":0.0,"direction":"buy","is-assignment":false,"quantity":870.0},{"id":"1623163122-93-2","algorithm-id":"1623163122","order-id":93,"order-event-id":2,"symbol":"AAPL R735QTJ8XC9X","time":1549515600.0,"status":"filled","order-fee-amount":4.35,"order-fee-currency":"USD","fill-price":42.62081102,"fill-price-currency":"USD","fill-quantity":870.0,"direction":"buy","is-assignment":false,"quantity":870.0},{"id":"1623163122-94-1","algorithm-id":"1623163122","order-id":94,"order-event-id":1,"symbol":"AAPL R735QTJ8XC9X","time":1549947600.0,"status":"submitted","fill-price":0.0,"fill-price-currency":"USD","fill-quantity":0.0,"direction":"sell","is-assignment":false,"quantity":-932.0},{"id":"1623163122-94-2","algorithm-id":"1623163122","order-id":94,"order-event-id":2,"symbol":"AAPL R735QTJ8XC9X","time":1550034000.0,"status":"filled","order-fee-amount":4.66,"order-fee-currency":"USD","fill-price":41.6527059375,"fill-price-currency":"USD","fill-quantity":-932.0,"direction":"sell","is-assignment":false,"quantity":-932.0},{"id":"1623163122-95-1","algorithm-id":"1623163122","order-id":95,"order-event-id":1,"symbol":"AAPL R735QTJ8XC9X","time":1550898000.0,"status":"submitted","fill-price":0.0,"fill-price-currency":"USD","fill-quantity":0.0,"direction":"buy","is-assignment":false,"quantity":913.0},{"id":"1623163122-95-2","algorithm-id":"1623163122","order-id":95,"order-event-id":2,"symbol":"AAPL R735QTJ8XC9X","time":1551157200.0,"status":"filled","order-fee-amount":4.565,"order-fee-currency":"USD","fill-price":42.60525753125,"fill-price-currency":"USD","fill-quantity":913.0,"direction":"buy","is-assignment":false,"quantity":913.0},{"id":"1623163122-96-1","algorithm-id":"1623163122","order-id":96,"order-event-id":1,"symbol":"AAPL R735QTJ8XC9X","time":1552021200.0,"status":"submitted","fill-price":0.0,"fill-price-currency":"USD","fill-quantity":0.0,"direction":"sell","is-assignment":false,"quantity":-1851.0},{"id":"1623163122-96-2","algorithm-id":"1623163122","order-id":96,"order-event-id":2,"symbol":"AAPL R735QTJ8XC9X","time":1552107600.0,"status":"filled","order-fee-amount":9.255,"order-fee-currency":"USD","fill-price":41.70657775,"fill-price-currency":"USD","fill-quantity":-1851.0,"direction":"sell","is-assignment":false,"quantity":-1851.0},{"id":"1623163122-97-1","algorithm-id":"1623163122","order-id":97,"order-event-id":1,"symbol":"AAPL R735QTJ8XC9X","time":1552363200.0,"status":"submitted","fill-price":0.0,"fill-price-currency":"USD","fill-quantity":0.0,"direction":"buy","is-assignment":false,"quantity":1756.0},{"id":"1623163122-97-2","algorithm-id":"1623163122","order-id":97,"order-event-id":2,"symbol":"AAPL R735QTJ8XC9X","time":1552449600.0,"status":"filled","order-fee-amount":8.78,"order-fee-currency":"USD","fill-price":44.0769375,"fill-price-currency":"USD","fill-quantity":1756.0,"direction":"buy","is-assignment":false,"quantity":1756.0},{"id":"1623163122-98-1","algorithm-id":"1623163122","order-id":98,"order-event-id":1,"symbol":"AAPL R735QTJ8XC9X","time":1553659200.0,"status":"submitted","fill-price":0.0,"fill-price-currency":"USD","fill-quantity":0.0,"direction":"sell","is-assignment":false,"quantity":-908.0},{"id":"1623163122-98-2","algorithm-id":"1623163122","order-id":98,"order-event-id":2,"symbol":"AAPL R735QTJ8XC9X","time":1553745600.0,"status":"filled","order-fee-amount":4.54,"order-fee-currency":"USD","fill-price":46.20977153125,"fill-price-currency":"USD","fill-quantity":-908.0,"direction":"sell","is-assignment":false,"quantity":-908.0},{"id":"1623163122-99-1","algorithm-id":"1623163122","order-id":99,"order-event-id":1,"symbol":"AAPL R735QTJ8XC9X","time":1554177600.0,"status":"submitted","fill-price":0.0,"fill-price-currency":"USD","fill-quantity":0.0,"direction":"buy","is-assignment":false,"quantity":886.0},{"id":"1623163122-99-2","algorithm-id":"1623163122","order-id":99,"order-event-id":2,"symbol":"AAPL R735QTJ8XC9X","time":1554264000.0,"status":"filled","order-fee-amount":4.43,"order-fee-currency":"USD","fill-price":46.78277171875,"fill-price-currency":"USD","fill-quantity":886.0,"direction":"buy","is-assignment":false,"quantity":886.0},{"id":"1623163122-100-1","algorithm-id":"1623163122","order-id":100,"order-event-id":1,"symbol":"AAPL R735QTJ8XC9X","time":1556683200.0,"status":"submitted","fill-price":0.0,"fill-price-currency":"USD","fill-quantity":0.0,"direction":"sell","is-assignment":false,"quantity":-1789.0},{"id":"1623163122-100-2","algorithm-id":"1623163122","order-id":100,"order-event-id":2,"symbol":"AAPL R735QTJ8XC9X","time":1556769600.0,"status":"filled","order-fee-amount":8.945,"order-fee-currency":"USD","fill-price":51.472068125,"fill-price-currency":"USD","fill-quantity":-1789.0,"direction":"sell","is-assignment":false,"quantity":-1789.0},{"id":"1623163122-101-1","algorithm-id":"1623163122","order-id":101,"order-event-id":1,"symbol":"AAPL R735QTJ8XC9X","time":1556769600.0,"status":"submitted","fill-price":0.0,"fill-price-currency":"USD","fill-quantity":0.0,"direction":"buy","is-assignment":false,"quantity":1787.0},{"id":"1623163122-101-2","algorithm-id":"1623163122","order-id":101,"order-event-id":2,"symbol":"AAPL R735QTJ8XC9X","time":1556856000.0,"status":"filled","order-fee-amount":8.935,"order-fee-currency":"USD","fill-price":51.33738859375,"fill-price-currency":"USD","fill-quantity":1787.0,"direction":"buy","is-assignment":false,"quantity":1787.0},{"id":"1623163122-102-1","algorithm-id":"1623163122","order-id":102,"order-event-id":1,"symbol":"AAPL R735QTJ8XC9X","time":1557288000.0,"status":"submitted","fill-price":0.0,"fill-price-currency":"USD","fill-quantity":0.0,"direction":"sell","is-assignment":false,"quantity":-1785.0},{"id":"1623163122-102-2","algorithm-id":"1623163122","order-id":102,"order-event-id":2,"symbol":"AAPL R735QTJ8XC9X","time":1557374400.0,"status":"filled","order-fee-amount":8.925,"order-fee-currency":"USD","fill-price":49.4396315625,"fill-price-currency":"USD","fill-quantity":-1785.0,"direction":"sell","is-assignment":false,"quantity":-1785.0},{"id":"1623163122-103-1","algorithm-id":"1623163122","order-id":103,"order-event-id":1,"symbol":"AAPL R735QTJ8XC9X","time":1557460800.0,"status":"submitted","fill-price":0.0,"fill-price-currency":"USD","fill-quantity":0.0,"direction":"sell","is-assignment":false,"quantity":-894.0},{"id":"1623163122-103-2","algorithm-id":"1623163122","order-id":103,"order-event-id":2,"symbol":"AAPL R735QTJ8XC9X","time":1557547200.0,"status":"filled","order-fee-amount":4.47,"order-fee-currency":"USD","fill-price":48.5410584295,"fill-price-currency":"USD","fill-quantity":-894.0,"direction":"sell","is-assignment":false,"quantity":-894.0},{"id":"1623163122-104-1","algorithm-id":"1623163122","order-id":104,"order-event-id":1,"symbol":"AAPL R735QTJ8XC9X","time":1557806400.0,"status":"submitted","fill-price":0.0,"fill-price-currency":"USD","fill-quantity":0.0,"direction":"sell","is-assignment":false,"quantity":-898.0},{"id":"1623163122-104-2","algorithm-id":"1623163122","order-id":104,"order-event-id":2,"symbol":"AAPL R735QTJ8XC9X","time":1557892800.0,"status":"filled","order-fee-amount":4.49,"order-fee-currency":"USD","fill-price":45.8026810005,"fill-price-currency":"USD","fill-quantity":-898.0,"direction":"sell","is-assignment":false,"quantity":-898.0},{"id":"1623163122-105-1","algorithm-id":"1623163122","order-id":105,"order-event-id":1,"symbol":"AAPL R735QTJ8XC9X","time":1559707200.0,"status":"submitted","fill-price":0.0,"fill-price-currency":"USD","fill-quantity":0.0,"direction":"buy","is-assignment":false,"quantity":980.0},{"id":"1623163122-105-2","algorithm-id":"1623163122","order-id":105,"order-event-id":2,"symbol":"AAPL R735QTJ8XC9X","time":1559793600.0,"status":"filled","order-fee-amount":4.9,"order-fee-currency":"USD","fill-price":45.3258001915,"fill-price-currency":"USD","fill-quantity":980.0,"direction":"buy","is-assignment":false,"quantity":980.0},{"id":"1623163122-106-1","algorithm-id":"1623163122","order-id":106,"order-event-id":1,"symbol":"AAPL R735QTJ8XC9X","time":1559793600.0,"status":"submitted","fill-price":0.0,"fill-price-currency":"USD","fill-quantity":0.0,"direction":"buy","is-assignment":false,"quantity":944.0},{"id":"1623163122-106-2","algorithm-id":"1623163122","order-id":106,"order-event-id":2,"symbol":"AAPL R735QTJ8XC9X","time":1559880000.0,"status":"filled","order-fee-amount":4.72,"order-fee-currency":"USD","fill-price":44.98411755,"fill-price-currency":"USD","fill-quantity":944.0,"direction":"buy","is-assignment":false,"quantity":944.0},{"id":"1623163122-107-1","algorithm-id":"1623163122","order-id":107,"order-event-id":1,"symbol":"AAPL R735QTJ8XC9X","time":1559966400.0,"status":"submitted","fill-price":0.0,"fill-price-currency":"USD","fill-quantity":0.0,"direction":"buy","is-assignment":false,"quantity":903.0},{"id":"1623163122-107-2","algorithm-id":"1623163122","order-id":107,"order-event-id":2,"symbol":"AAPL R735QTJ8XC9X","time":1560225600.0,"status":"filled","order-fee-amount":4.515,"order-fee-currency":"USD","fill-price":47.1964512,"fill-price-currency":"USD","fill-quantity":903.0,"direction":"buy","is-assignment":false,"quantity":903.0},{"id":"1623163122-108-1","algorithm-id":"1623163122","order-id":108,"order-event-id":1,"symbol":"AAPL R735QTJ8XC9X","time":1560312000.0,"status":"submitted","fill-price":0.0,"fill-price-currency":"USD","fill-quantity":0.0,"direction":"buy","is-assignment":false,"quantity":911.0},{"id":"1623163122-108-2","algorithm-id":"1623163122","order-id":108,"order-event-id":2,"symbol":"AAPL R735QTJ8XC9X","time":1560398400.0,"status":"filled","order-fee-amount":4.555,"order-fee-currency":"USD","fill-price":47.6856227515,"fill-price-currency":"USD","fill-quantity":911.0,"direction":"buy","is-assignment":false,"quantity":911.0},{"id":"1623163122-109-1","algorithm-id":"1623163122","order-id":109,"order-event-id":1,"symbol":"AAPL R735QTJ8XC9X","time":1561521600.0,"status":"submitted","fill-price":0.0,"fill-price-currency":"USD","fill-quantity":0.0,"direction":"sell","is-assignment":false,"quantity":-932.0},{"id":"1623163122-109-2","algorithm-id":"1623163122","order-id":109,"order-event-id":2,"symbol":"AAPL R735QTJ8XC9X","time":1561608000.0,"status":"filled","order-fee-amount":4.66,"order-fee-currency":"USD","fill-price":48.6148028845,"fill-price-currency":"USD","fill-quantity":-932.0,"direction":"sell","is-assignment":false,"quantity":-932.0},{"id":"1623163122-110-1","algorithm-id":"1623163122","order-id":110,"order-event-id":1,"symbol":"AAPL R735QTJ8XC9X","time":1562040000.0,"status":"submitted","fill-price":0.0,"fill-price-currency":"USD","fill-quantity":0.0,"direction":"buy","is-assignment":false,"quantity":918.0},{"id":"1623163122-110-2","algorithm-id":"1623163122","order-id":110,"order-event-id":2,"symbol":"AAPL R735QTJ8XC9X","time":1562126400.0,"status":"filled","order-fee-amount":4.59,"order-fee-currency":"USD","fill-price":49.521859681,"fill-price-currency":"USD","fill-quantity":918.0,"direction":"buy","is-assignment":false,"quantity":918.0},{"id":"1623163122-111-1","algorithm-id":"1623163122","order-id":111,"order-event-id":1,"symbol":"AAPL R735QTJ8XC9X","time":1562644800.0,"status":"submitted","fill-price":0.0,"fill-price-currency":"USD","fill-quantity":0.0,"direction":"sell","is-assignment":false,"quantity":-931.0},{"id":"1623163122-111-2","algorithm-id":"1623163122","order-id":111,"order-event-id":2,"symbol":"AAPL R735QTJ8XC9X","time":1562731200.0,"status":"filled","order-fee-amount":4.655,"order-fee-currency":"USD","fill-price":48.9294458925,"fill-price-currency":"USD","fill-quantity":-931.0,"direction":"sell","is-assignment":false,"quantity":-931.0},{"id":"1623163122-112-1","algorithm-id":"1623163122","order-id":112,"order-event-id":1,"symbol":"AAPL R735QTJ8XC9X","time":1562990400.0,"status":"submitted","fill-price":0.0,"fill-price-currency":"USD","fill-quantity":0.0,"direction":"buy","is-assignment":false,"quantity":911.0},{"id":"1623163122-112-2","algorithm-id":"1623163122","order-id":112,"order-event-id":2,"symbol":"AAPL R735QTJ8XC9X","time":1563249600.0,"status":"filled","order-fee-amount":4.555,"order-fee-currency":"USD","fill-price":50.160978291,"fill-price-currency":"USD","fill-quantity":911.0,"direction":"buy","is-assignment":false,"quantity":911.0},{"id":"1623163122-113-1","algorithm-id":"1623163122","order-id":113,"order-event-id":1,"symbol":"AAPL R735QTJ8XC9X","time":1563595200.0,"status":"submitted","fill-price":0.0,"fill-price-currency":"USD","fill-quantity":0.0,"direction":"sell","is-assignment":false,"quantity":-928.0},{"id":"1623163122-113-2","algorithm-id":"1623163122","order-id":113,"order-event-id":2,"symbol":"AAPL R735QTJ8XC9X","time":1563854400.0,"status":"filled","order-fee-amount":4.64,"order-fee-currency":"USD","fill-price":50.0995245785,"fill-price-currency":"USD","fill-quantity":-928.0,"direction":"sell","is-assignment":false,"quantity":-928.0},{"id":"1623163122-114-1","algorithm-id":"1623163122","order-id":114,"order-event-id":1,"symbol":"AAPL R735QTJ8XC9X","time":1563854400.0,"status":"submitted","fill-price":0.0,"fill-price-currency":"USD","fill-quantity":0.0,"direction":"buy","is-assignment":false,"quantity":910.0},{"id":"1623163122-114-2","algorithm-id":"1623163122","order-id":114,"order-event-id":2,"symbol":"AAPL R735QTJ8XC9X","time":1563940800.0,"status":"filled","order-fee-amount":4.55,"order-fee-currency":"USD","fill-price":51.242563631,"fill-price-currency":"USD","fill-quantity":910.0,"direction":"buy","is-assignment":false,"quantity":910.0},{"id":"1623163122-115-1","algorithm-id":"1623163122","order-id":115,"order-event-id":1,"symbol":"AAPL R735QTJ8XC9X","time":1564804800.0,"status":"submitted","fill-price":0.0,"fill-price-currency":"USD","fill-quantity":0.0,"direction":"sell","is-assignment":false,"quantity":-2766.0},{"id":"1623163122-115-2","algorithm-id":"1623163122","order-id":115,"order-event-id":2,"symbol":"AAPL R735QTJ8XC9X","time":1565064000.0,"status":"filled","order-fee-amount":13.83,"order-fee-currency":"USD","fill-price":48.666424003,"fill-price-currency":"USD","fill-quantity":-2766.0,"direction":"sell","is-assignment":false,"quantity":-2766.0},{"id":"1623163122-116-1","algorithm-id":"1623163122","order-id":116,"order-event-id":1,"symbol":"AAPL R735QTJ8XC9X","time":1565064000.0,"status":"submitted","fill-price":0.0,"fill-price-currency":"USD","fill-quantity":0.0,"direction":"sell","is-assignment":false,"quantity":-920.0},{"id":"1623163122-116-2","algorithm-id":"1623163122","order-id":116,"order-event-id":2,"symbol":"AAPL R735QTJ8XC9X","time":1565150400.0,"status":"filled","order-fee-amount":4.6,"order-fee-currency":"USD","fill-price":48.2903272825,"fill-price-currency":"USD","fill-quantity":-920.0,"direction":"sell","is-assignment":false,"quantity":-920.0},{"id":"1623163122-117-1","algorithm-id":"1623163122","order-id":117,"order-event-id":1,"symbol":"AAPL R735QTJ8XC9X","time":1565236800.0,"status":"submitted","fill-price":0.0,"fill-price-currency":"USD","fill-quantity":0.0,"direction":"buy","is-assignment":false,"quantity":913.0},{"id":"1623163122-117-2","algorithm-id":"1623163122","order-id":117,"order-event-id":2,"symbol":"AAPL R735QTJ8XC9X","time":1565323200.0,"status":"filled","order-fee-amount":4.565,"order-fee-currency":"USD","fill-price":49.266212237,"fill-price-currency":"USD","fill-quantity":913.0,"direction":"buy","is-assignment":false,"quantity":913.0},{"id":"1623163122-118-1","algorithm-id":"1623163122","order-id":118,"order-event-id":1,"symbol":"AAPL R735QTJ8XC9X","time":1565323200.0,"status":"submitted","fill-price":0.0,"fill-price-currency":"USD","fill-quantity":0.0,"direction":"buy","is-assignment":false,"quantity":880.0},{"id":"1623163122-118-2","algorithm-id":"1623163122","order-id":118,"order-event-id":2,"symbol":"AAPL R735QTJ8XC9X","time":1565409600.0,"status":"filled","order-fee-amount":4.4,"order-fee-currency":"USD","fill-price":49.65326605475,"fill-price-currency":"USD","fill-quantity":880.0,"direction":"buy","is-assignment":false,"quantity":880.0},{"id":"1623163122-119-1","algorithm-id":"1623163122","order-id":119,"order-event-id":1,"symbol":"AAPL R735QTJ8XC9X","time":1565755200.0,"status":"submitted","fill-price":0.0,"fill-price-currency":"USD","fill-quantity":0.0,"direction":"buy","is-assignment":false,"quantity":1746.0},{"id":"1623163122-119-2","algorithm-id":"1623163122","order-id":119,"order-event-id":2,"symbol":"AAPL R735QTJ8XC9X","time":1565841600.0,"status":"filled","order-fee-amount":8.73,"order-fee-currency":"USD","fill-price":50.11715384575,"fill-price-currency":"USD","fill-quantity":1746.0,"direction":"buy","is-assignment":false,"quantity":1746.0},{"id":"1623163122-120-1","algorithm-id":"1623163122","order-id":120,"order-event-id":1,"symbol":"AAPL R735QTJ8XC9X","time":1565928000.0,"status":"submitted","fill-price":0.0,"fill-price-currency":"USD","fill-quantity":0.0,"direction":"sell","is-assignment":false,"quantity":-847.0},{"id":"1623163122-120-2","algorithm-id":"1623163122","order-id":120,"order-event-id":2,"symbol":"AAPL R735QTJ8XC9X","time":1566014400.0,"status":"filled","order-fee-amount":4.235,"order-fee-currency":"USD","fill-price":50.425589877,"fill-price-currency":"USD","fill-quantity":-847.0,"direction":"sell","is-assignment":false,"quantity":-847.0},{"id":"1623163122-121-1","algorithm-id":"1623163122","order-id":121,"order-event-id":1,"symbol":"AAPL R735QTJ8XC9X","time":1566273600.0,"status":"submitted","fill-price":0.0,"fill-price-currency":"USD","fill-quantity":0.0,"direction":"buy","is-assignment":false,"quantity":871.0},{"id":"1623163122-121-2","algorithm-id":"1623163122","order-id":121,"order-event-id":2,"symbol":"AAPL R735QTJ8XC9X","time":1566360000.0,"status":"filled","order-fee-amount":4.355,"order-fee-currency":"USD","fill-price":52.03685970425,"fill-price-currency":"USD","fill-quantity":871.0,"direction":"buy","is-assignment":false,"quantity":871.0},{"id":"1623163122-122-1","algorithm-id":"1623163122","order-id":122,"order-event-id":1,"symbol":"AAPL R735QTJ8XC9X","time":1566619200.0,"status":"submitted","fill-price":0.0,"fill-price-currency":"USD","fill-quantity":0.0,"direction":"sell","is-assignment":false,"quantity":-2673.0},{"id":"1623163122-122-2","algorithm-id":"1623163122","order-id":122,"order-event-id":2,"symbol":"AAPL R735QTJ8XC9X","time":1566878400.0,"status":"filled","order-fee-amount":13.365,"order-fee-currency":"USD","fill-price":50.82285548525,"fill-price-currency":"USD","fill-quantity":-2673.0,"direction":"sell","is-assignment":false,"quantity":-2673.0},{"id":"1623163122-123-1","algorithm-id":"1623163122","order-id":123,"order-event-id":1,"symbol":"AAPL R735QTJ8XC9X","time":1567137600.0,"status":"submitted","fill-price":0.0,"fill-price-currency":"USD","fill-quantity":0.0,"direction":"buy","is-assignment":false,"quantity":1751.0},{"id":"1623163122-123-2","algorithm-id":"1623163122","order-id":123,"order-event-id":2,"symbol":"AAPL R735QTJ8XC9X","time":1567224000.0,"status":"filled","order-fee-amount":8.755,"order-fee-currency":"USD","fill-price":51.81725325,"fill-price-currency":"USD","fill-quantity":1751.0,"direction":"buy","is-assignment":false,"quantity":1751.0},{"id":"1623163122-124-1","algorithm-id":"1623163122","order-id":124,"order-event-id":1,"symbol":"AAPL R735QTJ8XC9X","time":1567742400.0,"status":"submitted","fill-price":0.0,"fill-price-currency":"USD","fill-quantity":0.0,"direction":"buy","is-assignment":false,"quantity":855.0},{"id":"1623163122-124-2","algorithm-id":"1623163122","order-id":124,"order-event-id":2,"symbol":"AAPL R735QTJ8XC9X","time":1567828800.0,"status":"filled","order-fee-amount":4.275,"order-fee-currency":"USD","fill-price":52.82152096775,"fill-price-currency":"USD","fill-quantity":855.0,"direction":"buy","is-assignment":false,"quantity":855.0},{"id":"1623163122-125-1","algorithm-id":"1623163122","order-id":125,"order-event-id":1,"symbol":"AAPL R735QTJ8XC9X","time":1569038400.0,"status":"submitted","fill-price":0.0,"fill-price-currency":"USD","fill-quantity":0.0,"direction":"sell","is-assignment":false,"quantity":-877.0},{"id":"1623163122-125-2","algorithm-id":"1623163122","order-id":125,"order-event-id":2,"symbol":"AAPL R735QTJ8XC9X","time":1569297600.0,"status":"filled","order-fee-amount":4.385,"order-fee-currency":"USD","fill-price":54.0330576985,"fill-price-currency":"USD","fill-quantity":-877.0,"direction":"sell","is-assignment":false,"quantity":-877.0},{"id":"1623163122-126-1","algorithm-id":"1623163122","order-id":126,"order-event-id":1,"symbol":"AAPL R735QTJ8XC9X","time":1569384000.0,"status":"submitted","fill-price":0.0,"fill-price-currency":"USD","fill-quantity":0.0,"direction":"sell","is-assignment":false,"quantity":-870.0},{"id":"1623163122-126-2","algorithm-id":"1623163122","order-id":126,"order-event-id":2,"symbol":"AAPL R735QTJ8XC9X","time":1569470400.0,"status":"filled","order-fee-amount":4.35,"order-fee-currency":"USD","fill-price":53.9442281215,"fill-price-currency":"USD","fill-quantity":-870.0,"direction":"sell","is-assignment":false,"quantity":-870.0},{"id":"1623163122-127-1","algorithm-id":"1623163122","order-id":127,"order-event-id":1,"symbol":"AAPL R735QTJ8XC9X","time":1569902400.0,"status":"submitted","fill-price":0.0,"fill-price-currency":"USD","fill-quantity":0.0,"direction":"buy","is-assignment":false,"quantity":1703.0},{"id":"1623163122-127-2","algorithm-id":"1623163122","order-id":127,"order-event-id":2,"symbol":"AAPL R735QTJ8XC9X","time":1569988800.0,"status":"filled","order-fee-amount":8.515,"order-fee-currency":"USD","fill-price":55.518485625,"fill-price-currency":"USD","fill-quantity":1703.0,"direction":"buy","is-assignment":false,"quantity":1703.0},{"id":"1623163122-128-1","algorithm-id":"1623163122","order-id":128,"order-event-id":1,"symbol":"AAPL R735QTJ8XC9X","time":1570075200.0,"status":"submitted","fill-price":0.0,"fill-price-currency":"USD","fill-quantity":0.0,"direction":"sell","is-assignment":false,"quantity":-869.0},{"id":"1623163122-128-2","algorithm-id":"1623163122","order-id":128,"order-event-id":2,"symbol":"AAPL R735QTJ8XC9X","time":1570161600.0,"status":"filled","order-fee-amount":4.345,"order-fee-currency":"USD","fill-price":53.83812612675,"fill-price-currency":"USD","fill-quantity":-869.0,"direction":"sell","is-assignment":false,"quantity":-869.0},{"id":"1623163122-129-1","algorithm-id":"1623163122","order-id":129,"order-event-id":1,"symbol":"AAPL R735QTJ8XC9X","time":1570248000.0,"status":"submitted","fill-price":0.0,"fill-price-currency":"USD","fill-quantity":0.0,"direction":"buy","is-assignment":false,"quantity":828.0},{"id":"1623163122-129-2","algorithm-id":"1623163122","order-id":129,"order-event-id":2,"symbol":"AAPL R735QTJ8XC9X","time":1570507200.0,"status":"filled","order-fee-amount":4.14,"order-fee-currency":"USD","fill-price":55.8293891445,"fill-price-currency":"USD","fill-quantity":828.0,"direction":"buy","is-assignment":false,"quantity":828.0},{"id":"1623163122-130-1","algorithm-id":"1623163122","order-id":130,"order-event-id":1,"symbol":"AAPL R735QTJ8XC9X","time":1574398800.0,"status":"submitted","fill-price":0.0,"fill-price-currency":"USD","fill-quantity":0.0,"direction":"sell","is-assignment":false,"quantity":-851.0},{"id":"1623163122-130-2","algorithm-id":"1623163122","order-id":130,"order-event-id":2,"symbol":"AAPL R735QTJ8XC9X","time":1574485200.0,"status":"filled","order-fee-amount":4.255,"order-fee-currency":"USD","fill-price":64.966033125,"fill-price-currency":"USD","fill-quantity":-851.0,"direction":"sell","is-assignment":false,"quantity":-851.0},{"id":"1623163122-131-1","algorithm-id":"1623163122","order-id":131,"order-event-id":1,"symbol":"AAPL R735QTJ8XC9X","time":1574744400.0,"status":"submitted","fill-price":0.0,"fill-price-currency":"USD","fill-quantity":0.0,"direction":"buy","is-assignment":false,"quantity":840.0},{"id":"1623163122-131-2","algorithm-id":"1623163122","order-id":131,"order-event-id":2,"symbol":"AAPL R735QTJ8XC9X","time":1574830800.0,"status":"filled","order-fee-amount":4.2,"order-fee-currency":"USD","fill-price":66.07973655,"fill-price-currency":"USD","fill-quantity":840.0,"direction":"buy","is-assignment":false,"quantity":840.0},{"id":"1623163122-132-1","algorithm-id":"1623163122","order-id":132,"order-event-id":1,"symbol":"AAPL R735QTJ8XC9X","time":1575435600.0,"status":"submitted","fill-price":0.0,"fill-price-currency":"USD","fill-quantity":0.0,"direction":"sell","is-assignment":false,"quantity":-2551.0},{"id":"1623163122-132-2","algorithm-id":"1623163122","order-id":132,"order-event-id":2,"symbol":"AAPL R735QTJ8XC9X","time":1575522000.0,"status":"filled","order-fee-amount":12.755,"order-fee-currency":"USD","fill-price":64.59479865,"fill-price-currency":"USD","fill-quantity":-2551.0,"direction":"sell","is-assignment":false,"quantity":-2551.0},{"id":"1623163122-133-1","algorithm-id":"1623163122","order-id":133,"order-event-id":1,"symbol":"AAPL R735QTJ8XC9X","time":1575608400.0,"status":"submitted","fill-price":0.0,"fill-price-currency":"USD","fill-quantity":0.0,"direction":"buy","is-assignment":false,"quantity":2505.0},{"id":"1623163122-133-2","algorithm-id":"1623163122","order-id":133,"order-event-id":2,"symbol":"AAPL R735QTJ8XC9X","time":1575694800.0,"status":"filled","order-fee-amount":12.525,"order-fee-currency":"USD","fill-price":66.223280547,"fill-price-currency":"USD","fill-quantity":2505.0,"direction":"buy","is-assignment":false,"quantity":2505.0},{"id":"1623163122-134-1","algorithm-id":"1623163122","order-id":134,"order-event-id":1,"symbol":"AAPL R735QTJ8XC9X","time":1580187600.0,"status":"submitted","fill-price":0.0,"fill-price-currency":"USD","fill-quantity":0.0,"direction":"sell","is-assignment":false,"quantity":-1685.0},{"id":"1623163122-134-2","algorithm-id":"1623163122","order-id":134,"order-event-id":2,"symbol":"AAPL R735QTJ8XC9X","time":1580274000.0,"status":"filled","order-fee-amount":8.425,"order-fee-currency":"USD","fill-price":77.340515625,"fill-price-currency":"USD","fill-quantity":-1685.0,"direction":"sell","is-assignment":false,"quantity":-1685.0},{"id":"1623163122-135-1","algorithm-id":"1623163122","order-id":135,"order-event-id":1,"symbol":"AAPL R735QTJ8XC9X","time":1580360400.0,"status":"submitted","fill-price":0.0,"fill-price-currency":"USD","fill-quantity":0.0,"direction":"buy","is-assignment":false,"quantity":1608.0},{"id":"1623163122-135-2","algorithm-id":"1623163122","order-id":135,"order-event-id":2,"symbol":"AAPL R735QTJ8XC9X","time":1580446800.0,"status":"filled","order-fee-amount":8.04,"order-fee-currency":"USD","fill-price":79.3625060655,"fill-price-currency":"USD","fill-quantity":1608.0,"direction":"buy","is-assignment":false,"quantity":1608.0},{"id":"1623163122-136-1","algorithm-id":"1623163122","order-id":136,"order-event-id":1,"symbol":"AAPL R735QTJ8XC9X","time":1580533200.0,"status":"submitted","fill-price":0.0,"fill-price-currency":"USD","fill-quantity":0.0,"direction":"sell","is-assignment":false,"quantity":-1629.0},{"id":"1623163122-136-2","algorithm-id":"1623163122","order-id":136,"order-event-id":2,"symbol":"AAPL R735QTJ8XC9X","time":1580792400.0,"status":"filled","order-fee-amount":8.145,"order-fee-currency":"USD","fill-price":75.2640774615,"fill-price-currency":"USD","fill-quantity":-1629.0,"direction":"sell","is-assignment":false,"quantity":-1629.0},{"id":"1623163122-137-1","algorithm-id":"1623163122","order-id":137,"order-event-id":1,"symbol":"AAPL R735QTJ8XC9X","time":1580792400.0,"status":"submitted","fill-price":0.0,"fill-price-currency":"USD","fill-quantity":0.0,"direction":"sell","is-assignment":false,"quantity":-830.0},{"id":"1623163122-137-2","algorithm-id":"1623163122","order-id":137,"order-event-id":2,"symbol":"AAPL R735QTJ8XC9X","time":1580878800.0,"status":"filled","order-fee-amount":4.15,"order-fee-currency":"USD","fill-price":78.0805096785,"fill-price-currency":"USD","fill-quantity":-830.0,"direction":"sell","is-assignment":false,"quantity":-830.0},{"id":"1623163122-138-1","algorithm-id":"1623163122","order-id":138,"order-event-id":1,"symbol":"AAPL R735QTJ8XC9X","time":1580878800.0,"status":"submitted","fill-price":0.0,"fill-price-currency":"USD","fill-quantity":0.0,"direction":"buy","is-assignment":false,"quantity":787.0},{"id":"1623163122-138-2","algorithm-id":"1623163122","order-id":138,"order-event-id":2,"symbol":"AAPL R735QTJ8XC9X","time":1580965200.0,"status":"filled","order-fee-amount":3.935,"order-fee-currency":"USD","fill-price":80.1099248085,"fill-price-currency":"USD","fill-quantity":787.0,"direction":"buy","is-assignment":false,"quantity":787.0},{"id":"1623163122-139-1","algorithm-id":"1623163122","order-id":139,"order-event-id":1,"symbol":"AAPL R735QTJ8XC9X","time":1580965200.0,"status":"submitted","fill-price":0.0,"fill-price-currency":"USD","fill-quantity":0.0,"direction":"buy","is-assignment":false,"quantity":1581.0},{"id":"1623163122-139-2","algorithm-id":"1623163122","order-id":139,"order-event-id":2,"symbol":"AAPL R735QTJ8XC9X","time":1581051600.0,"status":"filled","order-fee-amount":7.905,"order-fee-currency":"USD","fill-price":79.8574853655,"fill-price-currency":"USD","fill-quantity":1581.0,"direction":"buy","is-assignment":false,"quantity":1581.0},{"id":"1623163122-140-1","algorithm-id":"1623163122","order-id":140,"order-event-id":1,"symbol":"AAPL R735QTJ8XC9X","time":1582088400.0,"status":"submitted","fill-price":0.0,"fill-price-currency":"USD","fill-quantity":0.0,"direction":"sell","is-assignment":false,"quantity":-801.0},{"id":"1623163122-140-2","algorithm-id":"1623163122","order-id":140,"order-event-id":2,"symbol":"AAPL R735QTJ8XC9X","time":1582174800.0,"status":"filled","order-fee-amount":4.005,"order-fee-currency":"USD","fill-price":79.38464,"fill-price-currency":"USD","fill-quantity":-801.0,"direction":"sell","is-assignment":false,"quantity":-801.0},{"id":"1623163122-141-1","algorithm-id":"1623163122","order-id":141,"order-event-id":1,"symbol":"AAPL R735QTJ8XC9X","time":1582347600.0,"status":"submitted","fill-price":0.0,"fill-price-currency":"USD","fill-quantity":0.0,"direction":"sell","is-assignment":false,"quantity":-1586.0},{"id":"1623163122-141-2","algorithm-id":"1623163122","order-id":141,"order-event-id":2,"symbol":"AAPL R735QTJ8XC9X","time":1582606800.0,"status":"filled","order-fee-amount":7.93,"order-fee-currency":"USD","fill-price":73.678869,"fill-price-currency":"USD","fill-quantity":-1586.0,"direction":"sell","is-assignment":false,"quantity":-1586.0},{"id":"1623163122-142-1","algorithm-id":"1623163122","order-id":142,"order-event-id":1,"symbol":"AAPL R735QTJ8XC9X","time":1582693200.0,"status":"submitted","fill-price":0.0,"fill-price-currency":"USD","fill-quantity":0.0,"direction":"sell","is-assignment":false,"quantity":-799.0},{"id":"1623163122-142-2","algorithm-id":"1623163122","order-id":142,"order-event-id":2,"symbol":"AAPL R735QTJ8XC9X","time":1582779600.0,"status":"filled","order-fee-amount":3.995,"order-fee-currency":"USD","fill-price":71.07902204,"fill-price-currency":"USD","fill-quantity":-799.0,"direction":"sell","is-assignment":false,"quantity":-799.0},{"id":"1623163122-143-1","algorithm-id":"1623163122","order-id":143,"order-event-id":1,"symbol":"AAPL R735QTJ8XC9X","time":1583211600.0,"status":"submitted","fill-price":0.0,"fill-price-currency":"USD","fill-quantity":0.0,"direction":"buy","is-assignment":false,"quantity":798.0},{"id":"1623163122-143-2","algorithm-id":"1623163122","order-id":143,"order-event-id":2,"symbol":"AAPL R735QTJ8XC9X","time":1583298000.0,"status":"filled","order-fee-amount":3.99,"order-fee-currency":"USD","fill-price":75.35338875,"fill-price-currency":"USD","fill-quantity":798.0,"direction":"buy","is-assignment":false,"quantity":798.0},{"id":"1623163122-144-1","algorithm-id":"1623163122","order-id":144,"order-event-id":1,"symbol":"AAPL R735QTJ8XC9X","time":1583384400.0,"status":"submitted","fill-price":0.0,"fill-price-currency":"USD","fill-quantity":0.0,"direction":"buy","is-assignment":false,"quantity":777.0},{"id":"1623163122-144-2","algorithm-id":"1623163122","order-id":144,"order-event-id":2,"symbol":"AAPL R735QTJ8XC9X","time":1583470800.0,"status":"filled","order-fee-amount":3.885,"order-fee-currency":"USD","fill-price":73.30179196,"fill-price-currency":"USD","fill-quantity":777.0,"direction":"buy","is-assignment":false,"quantity":777.0},{"id":"1623163122-145-1","algorithm-id":"1623163122","order-id":145,"order-event-id":1,"symbol":"AAPL R735QTJ8XC9X","time":1583812800.0,"status":"submitted","fill-price":0.0,"fill-price-currency":"USD","fill-quantity":0.0,"direction":"sell","is-assignment":false,"quantity":-1575.0},{"id":"1623163122-145-2","algorithm-id":"1623163122","order-id":145,"order-event-id":2,"symbol":"AAPL R735QTJ8XC9X","time":1583899200.0,"status":"filled","order-fee-amount":7.875,"order-fee-currency":"USD","fill-price":68.73717516,"fill-price-currency":"USD","fill-quantity":-1575.0,"direction":"sell","is-assignment":false,"quantity":-1575.0},{"id":"1623163122-146-1","algorithm-id":"1623163122","order-id":146,"order-event-id":1,"symbol":"AAPL R735QTJ8XC9X","time":1585108800.0,"status":"submitted","fill-price":0.0,"fill-price-currency":"USD","fill-quantity":0.0,"direction":"buy","is-assignment":false,"quantity":930.0},{"id":"1623163122-146-2","algorithm-id":"1623163122","order-id":146,"order-event-id":2,"symbol":"AAPL R735QTJ8XC9X","time":1585195200.0,"status":"filled","order-fee-amount":4.65,"order-fee-currency":"USD","fill-price":62.2177116,"fill-price-currency":"USD","fill-quantity":930.0,"direction":"buy","is-assignment":false,"quantity":930.0},{"id":"1623163122-147-1","algorithm-id":"1623163122","order-id":147,"order-event-id":1,"symbol":"AAPL R735QTJ8XC9X","time":1585281600.0,"status":"submitted","fill-price":0.0,"fill-price-currency":"USD","fill-quantity":0.0,"direction":"buy","is-assignment":false,"quantity":861.0},{"id":"1623163122-147-2","algorithm-id":"1623163122","order-id":147,"order-event-id":2,"symbol":"AAPL R735QTJ8XC9X","time":1585368000.0,"status":"filled","order-fee-amount":4.305,"order-fee-currency":"USD","fill-price":62.74363484,"fill-price-currency":"USD","fill-quantity":861.0,"direction":"buy","is-assignment":false,"quantity":861.0},{"id":"1623163122-148-1","algorithm-id":"1623163122","order-id":148,"order-event-id":1,"symbol":"AAPL R735QTJ8XC9X","time":1585800000.0,"status":"submitted","fill-price":0.0,"fill-price-currency":"USD","fill-quantity":0.0,"direction":"sell","is-assignment":false,"quantity":-858.0},{"id":"1623163122-148-2","algorithm-id":"1623163122","order-id":148,"order-event-id":2,"symbol":"AAPL R735QTJ8XC9X","time":1585886400.0,"status":"filled","order-fee-amount":4.29,"order-fee-currency":"USD","fill-price":59.53351846,"fill-price-currency":"USD","fill-quantity":-858.0,"direction":"sell","is-assignment":false,"quantity":-858.0},{"id":"1623163122-149-1","algorithm-id":"1623163122","order-id":149,"order-event-id":1,"symbol":"AAPL R735QTJ8XC9X","time":1586232000.0,"status":"submitted","fill-price":0.0,"fill-price-currency":"USD","fill-quantity":0.0,"direction":"buy","is-assignment":false,"quantity":1691.0},{"id":"1623163122-149-2","algorithm-id":"1623163122","order-id":149,"order-event-id":2,"symbol":"AAPL R735QTJ8XC9X","time":1586318400.0,"status":"filled","order-fee-amount":8.455,"order-fee-currency":"USD","fill-price":67.29088625,"fill-price-currency":"USD","fill-quantity":1691.0,"direction":"buy","is-assignment":false,"quantity":1691.0},{"id":"1623163122-150-1","algorithm-id":"1623163122","order-id":150,"order-event-id":1,"symbol":"AAPL R735QTJ8XC9X","time":1587441600.0,"status":"submitted","fill-price":0.0,"fill-price-currency":"USD","fill-quantity":0.0,"direction":"sell","is-assignment":false,"quantity":-924.0},{"id":"1623163122-150-2","algorithm-id":"1623163122","order-id":150,"order-event-id":2,"symbol":"AAPL R735QTJ8XC9X","time":1587528000.0,"status":"filled","order-fee-amount":4.62,"order-fee-currency":"USD","fill-price":68.51390586,"fill-price-currency":"USD","fill-quantity":-924.0,"direction":"sell","is-assignment":false,"quantity":-924.0},{"id":"1623163122-151-1","algorithm-id":"1623163122","order-id":151,"order-event-id":1,"symbol":"AAPL R735QTJ8XC9X","time":1587528000.0,"status":"submitted","fill-price":0.0,"fill-price-currency":"USD","fill-quantity":0.0,"direction":"sell","is-assignment":false,"quantity":-838.0},{"id":"1623163122-151-2","algorithm-id":"1623163122","order-id":151,"order-event-id":2,"symbol":"AAPL R735QTJ8XC9X","time":1587614400.0,"status":"filled","order-fee-amount":4.19,"order-fee-currency":"USD","fill-price":67.90115567,"fill-price-currency":"USD","fill-quantity":-838.0,"direction":"sell","is-assignment":false,"quantity":-838.0},{"id":"1623163122-152-1","algorithm-id":"1623163122","order-id":152,"order-event-id":1,"symbol":"AAPL R735QTJ8XC9X","time":1587787200.0,"status":"submitted","fill-price":0.0,"fill-price-currency":"USD","fill-quantity":0.0,"direction":"buy","is-assignment":false,"quantity":1638.0},{"id":"1623163122-152-2","algorithm-id":"1623163122","order-id":152,"order-event-id":2,"symbol":"AAPL R735QTJ8XC9X","time":1588046400.0,"status":"filled","order-fee-amount":8.19,"order-fee-currency":"USD","fill-price":69.91554091,"fill-price-currency":"USD","fill-quantity":1638.0,"direction":"buy","is-assignment":false,"quantity":1638.0},{"id":"1623163122-153-1","algorithm-id":"1623163122","order-id":153,"order-event-id":1,"symbol":"AAPL R735QTJ8XC9X","time":1588219200.0,"status":"submitted","fill-price":0.0,"fill-price-currency":"USD","fill-quantity":0.0,"direction":"buy","is-assignment":false,"quantity":826.0},{"id":"1623163122-153-2","algorithm-id":"1623163122","order-id":153,"order-event-id":2,"symbol":"AAPL R735QTJ8XC9X","time":1588305600.0,"status":"filled","order-fee-amount":4.13,"order-fee-currency":"USD","fill-price":71.93736846,"fill-price-currency":"USD","fill-quantity":826.0,"direction":"buy","is-assignment":false,"quantity":826.0},{"id":"1623163122-154-1","algorithm-id":"1623163122","order-id":154,"order-event-id":1,"symbol":"AAPL R735QTJ8XC9X","time":1593230400.0,"status":"submitted","fill-price":0.0,"fill-price-currency":"USD","fill-quantity":0.0,"direction":"sell","is-assignment":false,"quantity":-836.0},{"id":"1623163122-154-2","algorithm-id":"1623163122","order-id":154,"order-event-id":2,"symbol":"AAPL R735QTJ8XC9X","time":1593489600.0,"status":"filled","order-fee-amount":4.18,"order-fee-currency":"USD","fill-price":87.90773757,"fill-price-currency":"USD","fill-quantity":-836.0,"direction":"sell","is-assignment":false,"quantity":-836.0},{"id":"1623163122-155-1","algorithm-id":"1623163122","order-id":155,"order-event-id":1,"symbol":"AAPL R735QTJ8XC9X","time":1594094400.0,"status":"submitted","fill-price":0.0,"fill-price-currency":"USD","fill-quantity":0.0,"direction":"buy","is-assignment":false,"quantity":785.0},{"id":"1623163122-155-2","algorithm-id":"1623163122","order-id":155,"order-event-id":2,"symbol":"AAPL R735QTJ8XC9X","time":1594180800.0,"status":"filled","order-fee-amount":3.925,"order-fee-currency":"USD","fill-price":93.415030467,"fill-price-currency":"USD","fill-quantity":785.0,"direction":"buy","is-assignment":false,"quantity":785.0},{"id":"1623163122-156-1","algorithm-id":"1623163122","order-id":156,"order-event-id":1,"symbol":"AAPL R735QTJ8XC9X","time":1595563200.0,"status":"submitted","fill-price":0.0,"fill-price-currency":"USD","fill-quantity":0.0,"direction":"sell","is-assignment":false,"quantity":-2458.0},{"id":"1623163122-156-2","algorithm-id":"1623163122","order-id":156,"order-event-id":2,"symbol":"AAPL R735QTJ8XC9X","time":1595649600.0,"status":"filled","order-fee-amount":12.29,"order-fee-currency":"USD","fill-price":90.4524352365,"fill-price-currency":"USD","fill-quantity":-2458.0,"direction":"sell","is-assignment":false,"quantity":-2458.0},{"id":"1623163122-157-1","algorithm-id":"1623163122","order-id":157,"order-event-id":1,"symbol":"AAPL R735QTJ8XC9X","time":1596081600.0,"status":"submitted","fill-price":0.0,"fill-price-currency":"USD","fill-quantity":0.0,"direction":"buy","is-assignment":false,"quantity":765.0},{"id":"1623163122-157-2","algorithm-id":"1623163122","order-id":157,"order-event-id":2,"symbol":"AAPL R735QTJ8XC9X","time":1596168000.0,"status":"filled","order-fee-amount":3.825,"order-fee-currency":"USD","fill-price":93.753328495,"fill-price-currency":"USD","fill-quantity":765.0,"direction":"buy","is-assignment":false,"quantity":765.0},{"id":"1623163122-158-1","algorithm-id":"1623163122","order-id":158,"order-event-id":1,"symbol":"AAPL R735QTJ8XC9X","time":1596254400.0,"status":"submitted","fill-price":0.0,"fill-price-currency":"USD","fill-quantity":0.0,"direction":"buy","is-assignment":false,"quantity":1421.0},{"id":"1623163122-158-2","algorithm-id":"1623163122","order-id":158,"order-event-id":2,"symbol":"AAPL R735QTJ8XC9X","time":1596513600.0,"status":"filled","order-fee-amount":7.105,"order-fee-currency":"USD","fill-price":107.70812215,"fill-price-currency":"USD","fill-quantity":1421.0,"direction":"buy","is-assignment":false,"quantity":1421.0},{"id":"1623163122-159-1","algorithm-id":"1623163122","order-id":159,"order-event-id":1,"symbol":"AAPL R735QTJ8XC9X","time":1597204800.0,"status":"submitted","fill-price":0.0,"fill-price-currency":"USD","fill-quantity":0.0,"direction":"sell","is-assignment":false,"quantity":-770.0},{"id":"1623163122-159-2","algorithm-id":"1623163122","order-id":159,"order-event-id":2,"symbol":"AAPL R735QTJ8XC9X","time":1597291200.0,"status":"filled","order-fee-amount":3.85,"order-fee-currency":"USD","fill-price":110.120176395,"fill-price-currency":"USD","fill-quantity":-770.0,"direction":"sell","is-assignment":false,"quantity":-770.0},{"id":"1623163122-160-1","algorithm-id":"1623163122","order-id":160,"order-event-id":1,"symbol":"AAPL R735QTJ8XC9X","time":1597377600.0,"status":"submitted","fill-price":0.0,"fill-price-currency":"USD","fill-quantity":0.0,"direction":"buy","is-assignment":false,"quantity":715.0},{"id":"1623163122-160-2","algorithm-id":"1623163122","order-id":160,"order-event-id":2,"symbol":"AAPL R735QTJ8XC9X","time":1597464000.0,"status":"filled","order-fee-amount":3.575,"order-fee-currency":"USD","fill-price":114.321638658,"fill-price-currency":"USD","fill-quantity":715.0,"direction":"buy","is-assignment":false,"quantity":715.0}]