[{"id":"1993078385-1-1","algorithm-id":"1993078385","order-id":1,"order-event-id":1,"symbol":"AAA XHPVXIJUWS4L","time":1603339200.0,"status":"submitted","fill-price":0.0,"fill-price-currency":"USD","fill-quantity":0.0,"direction":"buy","is-assignment":false,"quantity":2998.0},{"id":"1993078385-1-2","algorithm-id":"1993078385","order-id":1,"order-event-id":2,"symbol":"AAA XHPVXIJUWS4L","time":1603425600.0,"status":"filled","order-fee-amount":14.99,"order-fee-currency":"USD","fill-price":24.94,"fill-price-currency":"USD","fill-quantity":2998.0,"direction":"buy","is-assignment":false,"quantity":2998.0},{"id":"1993078385-2-1","algorithm-id":"1993078385","order-id":2,"order-event-id":1,"symbol":"AAA XHPVXIJUWS4L","time":1604379600.0,"status":"submitted","fill-price":0.0,"fill-price-currency":"USD","fill-quantity":0.0,"direction":"sell","is-assignment":false,"quantity":-2998.0},{"id":"1993078385-2-2","algorithm-id":"1993078385","order-id":2,"order-event-id":2,"symbol":"AAA XHPVXIJUWS4L","time":1604466000.0,"status":"filled","order-fee-amount":14.99,"order-fee-currency":"USD","fill-price":24.89,"fill-price-currency":"USD","fill-quantity":-2998.0,"direction":"sell","is-assignment":false,"quantity":-2998.0},{"id":"1993078385-3-1","algorithm-id":"1993078385","order-id":3,"order-event-id":1,"symbol":"AAA XHPVXIJUWS4L","time":1604984400.0,"status":"submitted","fill-price":0.0,"fill-price-currency":"USD","fill-quantity":0.0,"direction":"buy","is-assignment":false,"quantity":2995.0},{"id":"1993078385-3-2","algorithm-id":"1993078385","order-id":3,"order-event-id":2,"symbol":"AAA XHPVXIJUWS4L","time":1605070800.0,"status":"filled","order-fee-amount":14.975,"order-fee-currency":"USD","fill-price":24.94,"fill-price-currency":"USD","fill-quantity":2995.0,"direction":"buy","is-assignment":false,"quantity":2995.0},{"id":"1993078385-4-1","algorithm-id":"1993078385","order-id":4,"order-event-id":1,"symbol":"AAA XHPVXIJUWS4L","time":1605330000.0,"status":"submitted","fill-price":0.0,"fill-price-currency":"USD","fill-quantity":0.0,"direction":"buy","is-assignment":false,"quantity":993.0},{"id":"1993078385-4-2","algorithm-id":"1993078385","order-id":4,"order-event-id":2,"symbol":"AAA XHPVXIJUWS4L","time":1605589200.0,"status":"filled","order-fee-amount":4.965,"order-fee-currency":"USD","fill-price":25.01,"fill-price-currency":"USD","fill-quantity":993.0,"direction":"buy","is-assignment":false,"quantity":993.0},{"id":"1993078385-5-1","algorithm-id":"1993078385","order-id":5,"order-event-id":1,"symbol":"AAA XHPVXIJUWS4L","time":1606885200.0,"status":"submitted","fill-price":0.0,"fill-price-currency":"USD","fill-quantity":0.0,"direction":"sell","is-assignment":false,"quantity":-997.0},{"id":"1993078385-5-2","algorithm-id":"1993078385","order-id":5,"order-event-id":2,"symbol":"AAA XHPVXIJUWS4L","time":1606971600.0,"status":"filled","order-fee-amount":4.985,"order-fee-currency":"USD","fill-price":25.02,"fill-price-currency":"USD","fill-quantity":-997.0,"direction":"sell","is-assignment":false,"quantity":-997.0},{"id":"1993078385-6-1","algorithm-id":"1993078385","order-id":6,"order-event-id":1,"symbol":"AAA XHPVXIJUWS4L","time":1606971600.0,"status":"submitted","fill-price":0.0,"fill-price-currency":"USD","fill-quantity":0.0,"direction":"sell","is-assignment":false,"quantity":-997.0},{"id":"1993078385-6-2","algorithm-id":"1993078385","order-id":6,"order-event-id":2,"symbol":"AAA XHPVXIJUWS4L","time":1607058000.0,"status":"filled","order-fee-amount":4.985,"order-fee-currency":"USD","fill-price":25.04,"fill-price-currency":"USD","fill-quantity":-997.0,"direction":"sell","is-assignment":false,"quantity":-997.0},{"id":"1993078385-7-1","algorithm-id":"1993078385","order-id":7,"order-event-id":1,"symbol":"AAA XHPVXIJUWS4L","time":1607144400.0,"status":"submitted","fill-price":0.0,"fill-price-currency":"USD","fill-quantity":0.0,"direction":"buy","is-assignment":false,"quantity":1992.0},{"id":"1993078385-7-2","algorithm-id":"1993078385","order-id":7,"order-event-id":2,"symbol":"AAA XHPVXIJUWS4L","time":1607403600.0,"status":"filled","order-fee-amount":9.96,"order-fee-currency":"USD","fill-price":25.04,"fill-price-currency":"USD","fill-quantity":1992.0,"direction":"buy","is-assignment":false,"quantity":1992.0},{"id":"1993078385-8-1","algorithm-id":"1993078385","order-id":8,"order-event-id":1,"symbol":"AAA XHPVXIJUWS4L","time":1609304400.0,"status":"submitted","fill-price":0.0,"fill-price-currency":"USD","fill-quantity":0.0,"direction":"sell","is-assignment":false,"quantity":-1993.0},{"id":"1993078385-8-2","algorithm-id":"1993078385","order-id":8,"order-event-id":2,"symbol":"AAA XHPVXIJUWS4L","time":1609390800.0,"status":"filled","order-fee-amount":9.965,"order-fee-currency":"USD","fill-price":25.06,"fill-price-currency":"USD","fill-quantity":-1993.0,"direction":"sell","is-assignment":false,"quantity":-1993.0}]