Date,Open,High,Low,Close,Adj Close,Volume
2017-10-26,50.139999,50.139999,50.130001,50.139999,39.700546,1000
2017-10-27,50.000000,50.000000,50.000000,50.000000,39.589684,100
2017-10-30,50.150002,50.150002,50.150002,50.150002,39.708473,200
2017-10-31,50.180000,50.180000,50.180000,50.180000,39.732227,300
2017-11-01,50.180000,50.180000,50.160000,50.166000,39.721138,400
2017-11-02,50.130001,50.130001,50.130001,50.130001,39.692638,512900
2017-11-03,50.203999,50.203999,50.203999,50.203999,39.751217,100
2017-11-06,50.160000,50.160000,50.160000,50.160000,39.716385,1000
2017-11-07,50.169998,50.169998,50.169998,50.169998,39.724304,200
2017-11-08,49.930000,49.930000,49.930000,49.930000,39.534264,2200
2017-11-09,49.930000,49.930000,49.930000,49.930000,39.534264,100
2017-11-10,49.930000,49.930000,49.930000,49.930000,39.534264,0
2017-11-13,49.669998,49.720001,49.669998,49.720001,39.367996,1000
2017-11-14,49.549999,49.560001,49.509998,49.521999,39.211216,1000
2017-11-15,49.521999,49.521999,49.521999,49.521999,39.211216,0
2017-11-16,49.790001,49.810001,49.790001,49.810001,39.439251,52700
2017-11-17,49.840000,49.889999,49.840000,49.880001,39.494690,86300
2017-11-20,49.889999,49.889999,49.869999,49.869999,39.486759,200
2017-11-21,49.869999,49.869999,49.869999,49.869999,39.486759,0
2017-11-22,49.869999,49.869999,49.869999,49.869999,39.486759,0
2017-11-24,49.869999,49.869999,49.869999,49.869999,39.486759,0
2017-11-27,50.040001,50.040001,49.990002,49.990002,39.581791,10200
2017-11-28,49.990002,49.990002,49.990002,49.990002,39.581791,0
2017-11-29,49.990002,49.990002,49.990002,49.990002,39.581791,0
2017-11-30,49.990002,49.990002,49.990002,49.990002,39.581791,0
2017-12-01,50.029999,50.049999,50.029999,50.049999,39.806065,400
2017-12-04,50.110001,50.110001,50.099998,50.099998,39.845833,31000
2017-12-05,50.099998,50.099998,50.099998,50.099998,39.845833,100
2017-12-06,50.060001,50.060001,50.060001,50.060001,39.814018,2600
2017-12-07,49.810001,49.810001,49.798000,49.798000,39.605637,400
2017-12-08,49.869999,49.880001,49.869999,49.880001,39.670860,1200
2017-12-11,49.889999,49.889999,49.889999,49.889999,39.678806,15100
2017-12-12,49.889000,49.889000,49.889000,49.889000,39.678013,2100
2017-12-13,49.900002,49.959999,49.900002,49.959999,39.734467,1400
2017-12-14,49.919998,49.930000,49.820000,49.820000,39.623135,20700
2017-12-15,49.869999,49.869999,49.869999,49.869999,39.662899,200
2017-12-18,49.939999,49.950001,49.939999,49.950001,39.726536,2100
2017-12-19,49.849998,49.860001,49.849998,49.855000,39.650982,8200
2017-12-20,49.799999,49.810001,49.799999,49.799999,39.607216,1300
2017-12-21,49.799999,49.799999,49.799999,49.799999,39.672546,200
2017-12-22,49.820000,49.830002,49.811001,49.820000,39.688492,3500
2017-12-26,49.869999,49.889999,49.837002,49.837002,39.702038,7500
2017-12-27,49.837002,49.837002,49.837002,49.837002,39.702038,0
2017-12-28,49.837002,49.837002,49.837002,49.837002,39.748291,0
2017-12-29,49.860001,49.869999,49.820000,49.858002,39.765038,13400
2018-01-02,49.930000,49.930000,49.910000,49.930000,39.822460,700
2018-01-03,50.009998,50.020000,50.009998,50.020000,39.894249,400
2018-01-04,50.240002,50.259998,50.221001,50.259998,40.085655,4700
2018-01-05,50.290001,50.299999,50.290001,50.299999,40.117577,800
2018-01-08,50.290001,50.330002,50.290001,50.301998,40.119152,2100
2018-01-09,50.279999,50.290001,50.200001,50.200001,40.037807,900
2018-01-10,50.090000,50.160000,50.049999,50.084999,39.946075,2600
2018-01-11,50.150002,50.150002,50.150002,50.150002,39.997932,800
2018-01-12,50.150002,50.150002,50.150002,50.150002,39.997932,100
2018-01-16,50.240002,50.250000,50.240002,50.250000,40.077682,1200
2018-01-17,50.200001,50.230000,50.200001,50.200001,40.037807,1100
2018-01-18,50.119999,50.119999,50.119999,50.119999,39.973999,400
2018-01-19,50.080002,50.080002,50.080002,50.080002,39.942097,1400
2018-01-22,50.180000,50.200001,50.180000,50.200001,40.037807,1200
2018-01-23,50.240002,50.240002,50.209000,50.209000,40.044987,500
2018-01-24,50.237999,50.237999,50.237999,50.237999,40.068111,200
2018-01-25,50.237999,50.237999,50.237999,50.237999,40.068111,0
2018-01-26,50.237999,50.237999,50.237999,50.237999,40.068111,0
2018-01-29,50.220001,50.220001,50.160000,50.169998,40.013878,900
2018-01-30,50.040001,50.049999,49.990002,50.049999,39.918171,505600
2018-01-31,50.080002,50.119999,50.080002,50.119999,39.973999,1600
2018-02-01,49.810001,49.810001,49.785000,49.785000,39.887455,400
2018-02-02,49.610001,49.619999,49.570000,49.606998,39.744858,7100
2018-02-05,49.576000,49.576000,49.180000,49.180000,39.402756,700
2018-02-06,49.330002,49.330002,49.330002,49.330002,39.522934,500100
2018-02-07,49.459999,49.459999,49.459999,49.459999,39.627083,200
2018-02-08,49.459999,49.459999,49.459999,49.459999,39.627083,100
2018-02-09,49.040001,49.040001,48.500000,48.740002,39.050224,1000
2018-02-12,48.740002,48.740002,48.740002,48.740002,39.050224,700
2018-02-13,48.939999,48.990002,48.929001,48.939999,39.210453,1200
2018-02-14,48.990002,49.000000,48.949001,48.956001,39.223282,1400
2018-02-15,49.240002,49.349998,49.240002,49.296001,39.495682,1400
2018-02-16,49.296001,49.296001,49.296001,49.296001,39.495682,100
2018-02-20,49.410000,49.410000,49.369999,49.369999,39.554985,400
2018-02-21,49.419998,49.419998,49.419998,49.419998,39.595020,200
2018-02-22,49.340000,49.340000,49.340000,49.340000,39.530933,100
2018-02-23,49.259998,49.437000,49.235001,49.437000,39.608646,5100
2018-02-26,49.437000,49.437000,49.437000,49.437000,39.608646,100
2018-02-27,49.480000,49.509998,49.480000,49.509998,39.667126,600
2018-02-28,49.509998,49.509998,49.509998,49.509998,39.667126,5000
2018-03-01,49.110001,49.119999,49.099998,49.099998,39.522255,900
2018-03-02,48.980000,48.980000,48.980000,48.980000,39.425663,200
2018-03-05,49.139999,49.139999,49.069000,49.111000,39.531113,900
2018-03-06,49.119999,49.139999,49.090000,49.119999,39.538353,3100
2018-03-07,49.070000,49.080002,49.009998,49.080002,39.506157,2000
2018-03-08,49.150002,49.150002,49.150002,49.150002,39.562500,100
2018-03-09,49.139999,49.139999,49.139999,49.139999,39.554451,100
2018-03-12,49.230000,49.230000,49.209999,49.209999,39.610806,10400
2018-03-13,49.119999,49.119999,49.090000,49.090000,39.514210,500
2018-03-14,49.080002,49.080002,49.080002,49.080002,39.506157,100
2018-03-15,49.049000,49.049000,49.009998,49.009998,39.449810,900
2018-03-16,49.029999,49.029999,49.029999,49.029999,39.465912,100
2018-03-19,49.009998,49.009998,48.919998,48.919998,39.377365,1200
2018-03-20,48.919998,48.919998,48.919998,48.919998,39.377365,100
2018-03-21,48.922001,48.922001,48.922001,48.922001,39.378975,400
2018-03-22,48.919998,48.919998,48.919998,48.919998,39.377365,100
2018-03-23,48.805000,48.805000,48.561001,48.561001,39.088406,9000
2018-03-26,48.740002,48.910000,48.740002,48.910000,39.369320,400
2018-03-27,48.941002,48.941002,48.941002,48.941002,39.394272,400
2018-03-28,48.820000,48.830002,48.820000,48.830002,39.304932,1900
2018-03-29,49.049999,49.070000,49.020000,49.020000,39.457863,900
2018-04-02,48.610001,48.630001,48.610001,48.630001,39.332489,5400
2018-04-03,48.660000,48.660000,48.639999,48.639999,39.340580,700
2018-04-04,48.757999,48.805000,48.757999,48.805000,39.474022,12800
2018-04-05,48.860001,48.910000,48.849998,48.860001,39.518524,5300
2018-04-06,48.810001,48.810001,48.705002,48.705002,39.393150,2800
2018-04-09,48.705002,48.705002,48.705002,48.705002,39.393150,100
2018-04-10,49.110001,49.110001,49.070000,49.070000,39.688366,5200
2018-04-11,49.075001,49.110001,49.061001,49.061001,39.681095,4800
2018-04-12,49.160000,49.160000,49.160000,49.160000,39.761166,100
2018-04-13,49.259998,49.259998,49.259998,49.259998,39.842041,4500
2018-04-16,49.304001,49.304001,49.304001,49.304001,39.877636,10300
2018-04-17,49.430000,49.430000,49.430000,49.430000,39.979542,100
2018-04-18,49.419998,49.419998,49.384998,49.384998,39.943142,400
2018-04-19,49.270000,49.270000,49.270000,49.270000,39.850113,300
2018-04-20,49.250000,49.250000,49.130001,49.130001,39.736900,1500
2018-04-23,49.070000,49.070000,49.000000,49.000000,39.631744,1900
2018-04-24,49.060001,49.060001,49.060001,49.060001,39.680279,100
2018-04-25,48.860001,48.860001,48.764999,48.764999,39.441677,1400
2018-04-26,48.764999,48.764999,48.764999,48.764999,39.441677,0
2018-04-27,48.764999,48.764999,48.764999,48.764999,39.441677,100
2018-04-30,48.764999,48.764999,48.764999,48.764999,39.441677,10000
2018-05-01,48.700001,48.759998,48.669998,48.759998,39.626976,2100
2018-05-02,48.779999,48.830002,48.779999,48.830002,39.683872,300
2018-05-03,48.740002,48.740002,48.740002,48.740002,39.610729,200
2018-05-04,48.740002,48.740002,48.740002,48.740002,39.610729,200
2018-05-07,48.810001,48.820000,48.765999,48.820000,39.675751,3300
2018-05-08,48.779999,48.779999,48.770000,48.770000,39.635105,2200
2018-05-09,48.750000,48.750000,48.750000,48.750000,39.618851,300
2018-05-10,48.790001,48.790001,48.790001,48.790001,39.651360,100
2018-05-11,48.840000,48.840000,48.840000,48.840000,39.691994,200
2018-05-14,48.860001,48.860001,48.860001,48.860001,39.708241,400
2018-05-15,48.709999,48.719002,48.709999,48.719002,39.593666,1700
2018-05-16,48.680000,48.680000,48.680000,48.680000,39.561962,5800
2018-05-17,48.770000,48.770000,48.735001,48.750999,39.619659,1500
2018-05-18,48.720001,48.720001,48.669998,48.669998,39.553833,1600
2018-05-21,48.730999,48.730999,48.730999,48.730999,39.603405,200
2018-05-22,48.820000,48.820000,48.750000,48.750000,39.618851,4200
2018-05-23,48.709999,48.830002,48.706001,48.830002,39.683872,1300
2018-05-24,48.810001,48.820000,48.783001,48.820000,39.675751,700
2018-05-25,48.787998,48.808998,48.787998,48.808998,39.666805,1600
2018-05-29,48.650002,48.650002,48.584999,48.595001,39.492878,2500
2018-05-30,48.595001,48.595001,48.595001,48.595001,39.492878,100
2018-05-31,48.740002,48.740002,48.717999,48.717999,39.592846,2300
2018-06-01,48.542999,48.542999,48.542999,48.542999,39.655750,1200
2018-06-04,48.599998,48.630001,48.599998,48.630001,39.726818,600
2018-06-05,48.639999,48.639999,48.639999,48.639999,39.734993,3200
2018-06-06,48.630001,48.689999,48.630001,48.680000,39.767662,288700
2018-06-07,48.730000,48.750000,48.686001,48.720001,39.800339,303800
2018-06-08,48.730000,48.740002,48.720001,48.720001,39.800339,11800
2018-06-11,48.770000,48.799999,48.757000,48.790001,39.857525,8700
2018-06-12,48.840000,48.840000,48.748001,48.784000,39.852612,7000
2018-06-13,48.799999,48.910000,48.779999,48.910000,39.955555,4000
2018-06-14,48.919998,48.950001,48.910000,48.939999,39.980064,19500
2018-06-15,48.851002,48.930000,48.851002,48.919998,39.963730,4300
2018-06-18,48.830002,48.900002,48.830002,48.880001,39.931046,4200
2018-06-19,48.830002,48.869999,48.770000,48.799999,39.865688,17400
2018-06-20,48.930000,48.930000,48.860001,48.884998,39.935131,3400
2018-06-21,48.849998,48.880001,48.810001,48.810001,39.873878,5500
2018-06-22,48.860001,48.869999,48.820000,48.820000,39.882034,35400
2018-06-25,48.750000,48.779999,48.709999,48.720001,39.800339,15300
2018-06-26,48.750000,48.750000,48.660000,48.730000,39.808502,47500
2018-06-27,48.740002,48.740002,48.584999,48.584999,39.690067,15500
2018-06-28,48.500000,48.570000,48.410000,48.570000,39.677803,12600
2018-06-29,48.540001,48.540001,48.500000,48.500000,39.620621,13300
2018-07-02,48.220001,48.220001,48.125000,48.125000,39.510605,21400
2018-07-03,48.299999,48.299999,48.160000,48.160000,39.539333,4100
2018-07-05,48.220001,48.320000,48.220001,48.250000,39.613228,11300
2018-07-06,48.261002,48.389999,48.261002,48.320000,39.670700,4900
2018-07-09,48.403999,48.435001,48.403999,48.435001,39.765110,9500
2018-07-10,48.520000,48.520000,48.500000,48.500000,39.818474,6200
2018-07-11,48.480000,48.480000,48.418999,48.419998,39.752796,1900
2018-07-12,48.540001,48.569000,48.526001,48.569000,39.875130,3200
2018-07-13,48.590000,48.599998,48.589001,48.589001,39.891544,1000
2018-07-16,48.564999,48.564999,48.500000,48.560001,39.867737,2900
2018-07-17,48.500000,48.590000,48.500000,48.590000,39.892361,8900
2018-07-18,48.590000,48.590000,48.590000,48.590000,39.892361,800
2018-07-19,48.542999,48.560001,48.542999,48.555000,39.863632,3600
2018-07-20,48.541000,48.599998,48.541000,48.599998,39.900574,2200
2018-07-23,48.599998,48.599998,48.575001,48.575001,39.880058,1300
2018-07-24,48.599998,48.669998,48.599998,48.610001,39.908794,6500
2018-07-25,48.630001,48.700001,48.630001,48.669998,39.958038,1900
2018-07-26,48.810001,48.810001,48.720001,48.720001,39.999092,7800
2018-07-27,48.730000,48.789001,48.719002,48.789001,40.055748,2100
2018-07-30,48.799999,48.799999,48.740002,48.794998,40.060680,2300
2018-07-31,48.889999,48.889999,48.810001,48.855000,40.109932,110500
2018-08-01,48.619999,48.650002,48.580002,48.650002,40.138805,38500
2018-08-02,48.700001,48.709999,48.650002,48.660000,40.147064,145700
2018-08-03,48.709999,48.709999,48.672001,48.709999,40.188328,1700
2018-08-06,48.660000,48.759998,48.660000,48.759998,40.229561,24900
2018-08-07,48.820000,48.839001,48.770000,48.770000,40.237816,3400
2018-08-08,48.820000,48.840000,48.779999,48.820000,40.279072,3600
2018-08-09,48.770000,48.825001,48.720001,48.720001,40.196560,4200
2018-08-10,48.750000,48.755001,48.660000,48.709999,40.188328,4000
2018-08-13,48.709999,48.720001,48.658001,48.665001,40.151188,2200
2018-08-14,48.689999,48.723999,48.689999,48.723999,40.199871,900
2018-08-15,48.660000,48.680000,48.606998,48.680000,40.163563,1700
2018-08-16,48.759998,48.779999,48.660000,48.779999,40.246075,2600
2018-08-17,48.650002,48.799000,48.650002,48.751999,40.222965,8600
2018-08-20,48.740002,48.840000,48.740002,48.798000,40.260914,5500
2018-08-21,48.849998,48.869999,48.779999,48.869999,40.320320,8900
2018-08-22,48.830002,48.919998,48.830002,48.919998,40.361576,26800
2018-08-23,48.959999,48.959999,48.887001,48.919998,40.361576,34400
2018-08-24,48.990002,48.990002,48.910000,48.919998,40.361576,74200
2018-08-27,49.009998,49.040001,48.950001,48.985001,40.415192,25700
2018-08-28,48.976002,49.020000,48.925999,49.020000,40.444096,25100
2018-08-29,49.009998,49.009998,48.959999,49.000000,40.427574,55300
2018-08-30,48.966000,48.990002,48.910000,48.939999,40.378067,162700
2018-08-31,48.980999,48.980999,48.950001,48.959999,40.394573,51000
2018-09-04,48.730000,48.730000,48.650002,48.709999,40.387951,12400
2018-09-05,48.650002,48.658001,48.620998,48.650002,40.338203,5900
2018-09-06,48.610001,48.660000,48.584999,48.654999,40.342339,5200
2018-09-07,48.619999,48.660000,48.560001,48.660000,40.346485,2500
2018-09-10,48.700001,48.700001,48.639999,48.700001,40.379658,27100
2018-09-11,48.669998,48.740002,48.639999,48.740002,40.412815,7600
2018-09-12,48.770000,48.799999,48.680000,48.799999,40.462566,12700
2018-09-13,48.869999,48.880001,48.849998,48.880001,40.528889,4000
2018-09-14,48.910000,48.910000,48.849998,48.849998,40.504017,10300
2018-09-17,48.919998,48.919998,48.799999,48.889999,40.537178,3800
2018-09-18,48.919998,48.919998,48.810001,48.810001,40.470867,2900
2018-09-19,48.846001,48.889999,48.840000,48.876999,40.526413,3400
2018-09-20,48.830002,48.869999,48.823002,48.849998,40.504017,23400
2018-09-21,48.849998,48.859001,48.799999,48.842999,40.498222,3400
2018-09-24,48.840000,48.849998,48.762001,48.830002,40.487438,6500
2018-09-25,48.820000,48.820000,48.740002,48.740002,40.412815,3300
2018-09-26,48.806000,48.862000,48.794998,48.840000,40.495720,2900
2018-09-27,48.910000,48.937000,48.860001,48.860001,40.512314,1400
2018-09-28,48.910000,48.931999,48.860001,48.928001,40.568703,7500
2018-10-01,48.719002,48.810001,48.689999,48.764999,40.636196,6500
2018-10-02,48.750000,48.819000,48.750000,48.750000,40.623703,3300
2018-10-03,48.840000,48.840000,48.689999,48.689999,40.573696,19600
2018-10-04,48.650002,48.650002,48.497002,48.580002,40.482037,6700
2018-10-05,48.560001,48.560001,48.340000,48.439999,40.365372,8300
2018-10-08,48.400002,48.400002,48.240002,48.299999,40.248707,6700
2018-10-09,48.299999,48.360001,48.240002,48.330002,40.273712,12300
2018-10-10,48.240002,48.240002,47.959999,48.009998,40.007053,24600
2018-10-11,48.136002,48.179001,47.959999,48.129002,40.106209,17800
2018-10-12,48.320000,48.320000,48.189999,48.230000,40.190384,49800
2018-10-15,48.259998,48.270000,48.173000,48.189999,40.157040,11000
2018-10-16,48.327999,48.363998,48.320000,48.320000,40.265373,2000
2018-10-17,48.340000,48.340000,48.229000,48.290001,40.240383,6300
2018-10-18,48.250000,48.250000,48.051998,48.098000,40.080376,4900
2018-10-19,48.220001,48.220001,48.061001,48.160000,40.132050,21800
2018-10-22,48.105000,48.159000,48.070000,48.139999,40.115376,3700
2018-10-23,47.959999,47.980000,47.869999,47.980000,39.982037,14300
2018-10-24,48.067001,48.098999,47.750000,47.750000,39.790401,7700
2018-10-25,47.860001,48.019001,47.860001,48.019001,40.014545,1600
2018-10-26,47.794998,47.959999,47.709999,47.770000,39.807060,8200
2018-10-29,47.880001,47.880001,47.710999,47.759998,39.798733,8400
2018-10-30,47.680000,47.740002,47.610001,47.740002,39.782055,18000
2018-10-31,47.860001,47.869999,47.821999,47.869999,39.890400,3300
2018-11-01,47.599998,47.639999,47.590000,47.639999,39.908821,6500
2018-11-02,47.724998,47.724998,47.645000,47.688999,39.949867,2500
2018-11-05,47.689999,47.759998,47.619999,47.750000,40.000969,8800
2018-11-06,47.799999,47.799999,47.715000,47.750000,40.000969,9100
2018-11-07,47.889999,47.980000,47.889999,47.950001,40.168503,4600
2018-11-08,47.930000,48.049999,47.904999,47.959000,40.176048,15900
2018-11-09,47.880001,47.880001,47.619999,47.720001,39.975845,8300
2018-11-12,47.529999,47.599998,47.439999,47.439999,39.741272,11200
2018-11-13,47.430000,47.528999,47.340000,47.356998,39.671753,9900
2018-11-14,47.400002,47.400002,47.220001,47.220001,39.556976,7000
2018-11-15,47.119999,47.299999,47.078999,47.299999,39.623989,38600
2018-11-16,47.169998,47.169998,47.029999,47.080002,39.439701,14900
2018-11-19,47.020000,47.106998,46.930000,47.040001,39.406193,27100
2018-11-20,46.820000,46.950001,46.799999,46.859001,39.254566,135000
2018-11-21,47.119999,47.119999,46.990002,47.009998,39.381062,21600
2018-11-23,46.866001,46.910000,46.799999,46.799999,39.205143,4400
2018-11-26,47.060001,47.080002,46.945999,47.014000,39.384407,20200
2018-11-27,47.020000,47.020000,46.880001,46.930000,39.314049,3600
2018-11-28,47.000000,47.320000,47.000000,47.230000,39.565353,20000
2018-11-29,47.228001,47.349998,47.181000,47.320000,39.640762,21000
2018-11-30,47.230000,47.265999,47.160000,47.169998,39.515087,4900
2018-12-03,47.189999,47.189999,47.118999,47.164001,39.714664,2700
2018-12-04,47.070000,47.119999,46.904999,46.950001,39.534462,30400
2018-12-06,46.779999,46.970001,46.720001,46.970001,39.551308,85600
2018-12-07,47.009998,47.090000,46.780998,46.820000,39.424999,21400
2018-12-10,46.759998,46.840000,46.669998,46.816002,39.421631,27300
2018-12-11,46.939999,47.000000,46.800999,46.900002,39.492359,7300
2018-12-12,47.080002,47.139999,47.005001,47.049999,39.618660,30400
2018-12-13,47.080002,47.209999,47.080002,47.150002,39.702873,48200
2018-12-14,47.130001,47.130001,46.910000,47.000000,39.576569,84400
2018-12-17,46.900002,46.970001,46.700001,46.709999,39.332371,180600
2018-12-18,46.580002,46.580002,46.279999,46.279999,39.177444,94600
2018-12-19,46.433998,46.470001,45.959999,45.959999,38.906567,42900
2018-12-20,45.820000,45.840000,45.493000,45.580002,38.584869,570900
2018-12-21,45.730000,45.730000,45.368999,45.368999,38.406265,813500
2018-12-24,45.299999,45.369999,45.070000,45.070000,38.153141,297000
2018-12-26,45.070000,45.860001,45.000999,45.860001,38.821907,779300
2018-12-27,45.630001,45.779999,45.459999,45.751999,38.730492,52000
2018-12-28,45.660000,45.889999,45.637001,45.810001,38.779579,35900
2018-12-31,45.860001,45.897999,45.770000,45.840000,38.804977,44900
2019-01-02,45.680000,45.805000,45.590000,45.705002,38.690701,36300
2019-01-03,45.692001,45.750000,45.589001,45.650002,38.644135,18600
2019-01-04,46.139999,46.439999,46.139999,46.327000,39.217243,9700
2019-01-07,46.513000,46.779999,46.490002,46.728001,39.556705,16600
2019-01-08,46.830002,47.220001,46.830002,47.080002,39.854683,33300
2019-01-09,47.119999,47.310001,47.119999,47.230999,39.982502,16900
2019-01-10,47.080002,47.395000,47.080002,47.375000,40.104416,26900
2019-01-11,47.270000,47.290001,47.130001,47.242001,39.991821,22200
2019-01-14,47.209999,47.240002,47.150002,47.153999,39.917320,22600
2019-01-15,47.209999,47.279999,47.150002,47.220001,39.973183,18000
2019-01-16,47.419998,47.459999,47.311001,47.397999,40.123875,65800
2019-01-17,47.250000,47.540001,47.250000,47.540001,40.244087,30700
2019-01-18,47.639999,47.700001,47.540001,47.599998,40.294876,22800
2019-01-22,47.590000,47.590000,47.342999,47.402000,40.127258,70000
2019-01-23,47.470001,47.540001,47.299999,47.451000,40.168739,41700
2019-01-24,47.490002,47.505001,47.400002,47.505001,40.214458,16800
2019-01-25,47.509998,47.660000,47.509998,47.575001,40.273701,15300
2019-01-28,47.560001,47.560001,47.410000,47.521999,40.228851,21600
2019-01-29,47.480000,47.610001,47.470001,47.556000,40.257622,22000
2019-01-30,47.639999,47.880001,47.590000,47.840000,40.498039,33200
2019-01-31,47.790001,48.080002,47.790001,48.023998,40.653805,70000
2019-02-01,47.610001,47.759998,47.560001,47.709999,40.609543,22400
2019-02-04,47.720001,47.849998,47.580002,47.849998,40.728699,22400
2019-02-05,47.880001,48.040001,47.799999,47.990002,40.847858,33300
2019-02-06,47.869999,47.999001,47.869999,47.956001,40.818924,20800
2019-02-07,47.820000,47.820000,47.673000,47.755001,40.647835,25700
2019-02-08,47.650002,47.799999,47.650002,47.799999,40.686146,9200
2019-02-11,47.680000,47.790001,47.680000,47.770000,40.660610,29900
2019-02-12,47.959999,48.029999,47.910000,47.990002,40.847858,132800
2019-02-13,48.090000,48.090000,47.880001,47.930000,40.796795,17800
2019-02-14,47.950001,47.950001,47.876999,47.945000,40.809563,17500
2019-02-15,47.980000,48.110001,47.980000,48.092999,40.935532,17800
2019-02-19,48.099998,48.189999,48.089001,48.150002,40.984058,52900
2019-02-20,48.200001,48.220001,48.099998,48.209999,41.035118,26400
2019-02-21,48.180000,48.180000,48.134998,48.160000,40.992569,14500
2019-02-22,48.139999,48.270000,48.139999,48.270000,41.086193,24900
2019-02-25,48.369999,48.389999,48.299999,48.310001,41.120243,29000
2019-02-26,48.360001,48.430000,48.261002,48.380001,41.179821,9200
2019-02-27,48.450001,48.480000,48.320000,48.380001,41.179821,52100
2019-02-28,48.459999,48.459999,48.330002,48.410000,41.205357,32900
2019-03-01,48.139999,48.289001,48.139999,48.270000,41.308903,111000
2019-03-04,48.330002,48.330002,48.095001,48.139999,41.197647,48500
2019-03-05,48.169998,48.230000,48.160000,48.209999,41.257561,18600
2019-03-06,48.139999,48.180000,48.070000,48.080002,41.146313,1272100
2019-03-07,48.119999,48.119999,47.910000,47.970001,41.052181,24300
2019-03-08,47.900002,47.988998,47.764999,47.900002,40.992271,19400
2019-03-11,48.000000,48.139999,47.900002,48.090000,41.154873,144800
2019-03-12,48.029999,48.180000,48.020000,48.160000,41.214775,137000
2019-03-13,48.169998,48.290001,48.139999,48.257999,41.298653,19300
2019-03-14,48.259998,48.301998,48.189999,48.259998,41.300358,16200
2019-03-15,48.299999,48.389999,48.289001,48.316002,41.348278,25200
2019-03-18,48.310001,48.477001,48.299999,48.326000,41.356838,27800
2019-03-19,48.369999,48.540001,48.275002,48.297001,41.332008,39000
2019-03-20,48.369999,48.570000,48.250000,48.473999,41.483498,24000
2019-03-21,48.490002,48.669998,48.474998,48.529999,41.531414,7451800
2019-03-22,48.470001,48.660000,48.310001,48.330002,41.360252,316300
2019-03-25,48.369999,48.369999,48.270000,48.332001,41.361965,49100
2019-03-26,48.450001,48.492001,48.380001,48.450001,41.462959,55700
2019-03-27,48.590000,48.590000,48.345001,48.450001,41.462959,95000
2019-03-28,48.490002,48.580002,48.433998,48.580002,41.574203,30400
2019-03-29,48.599998,48.700001,48.580002,48.669998,41.651226,34500
2019-04-01,48.459999,48.480000,48.400002,48.419998,41.661549,54500
2019-04-02,48.200001,48.439999,48.200001,48.422001,41.663265,51600
2019-04-03,48.529999,48.529999,48.400002,48.424999,41.665859,60000
2019-04-04,48.470001,48.525002,48.430000,48.525002,41.751896,30700
2019-04-05,48.529999,48.619999,48.529999,48.610001,41.825031,35100
2019-04-08,48.590000,48.669998,48.533001,48.630001,41.842247,53700
2019-04-09,48.610001,48.650002,48.549999,48.619999,41.833637,46100
2019-04-10,48.660000,48.790001,48.639999,48.779999,41.971302,41400
2019-04-11,48.794998,48.869999,48.770000,48.860001,42.040146,46600
2019-04-12,48.889999,48.939999,48.860001,48.930000,42.100361,44000
2019-04-15,48.930000,48.930000,48.840000,48.889999,42.065956,43900
2019-04-16,48.900002,49.040001,48.865002,48.930000,42.100361,116800
2019-04-17,48.959999,48.959999,48.830002,48.860001,42.040146,47400
2019-04-18,48.869999,48.880001,48.810001,48.849998,42.031544,31900
2019-04-22,40.759998,40.779999,40.720001,40.779999,35.087933,62100
2019-04-23,40.770000,40.869999,40.757000,40.849998,35.148170,53400
2019-04-24,40.820000,40.849998,40.770000,40.790001,35.096546,35600
2019-04-25,40.790001,40.840000,40.709999,40.820000,35.122364,195800
2019-04-26,40.860001,40.880001,40.799999,40.860001,35.156776,40600
2019-04-29,40.869999,40.889999,40.779999,40.830002,35.130966,181300
2019-04-30,40.750000,40.880001,40.709999,40.849998,35.148170,205300
2019-05-01,40.599998,40.770000,40.590000,40.590000,35.101471,9354700
2019-05-02,40.619999,40.669998,40.529999,40.639999,35.144707,81200
2019-05-03,40.680000,40.730000,40.669998,40.720001,35.213890,128200
2019-05-06,40.580002,40.820000,40.549999,40.700001,35.196606,339500
2019-05-07,40.610001,40.612000,40.432999,40.450001,34.980400,100800
2019-05-08,40.480000,40.570000,40.439999,40.490002,35.014996,84900
2019-05-09,40.439999,40.490002,40.310001,40.459999,34.989048,82600
2019-05-10,40.439999,40.599998,40.340000,40.540001,35.058239,44800
2019-05-13,40.340000,40.360001,40.220001,40.250000,34.807446,104500
2019-05-14,40.270000,40.349998,40.209999,40.279999,34.833397,75900
2019-05-15,40.220001,40.419998,40.189999,40.314999,34.863667,108100
2019-05-16,40.340000,40.580002,40.340000,40.415001,34.950138,159500
2019-05-17,40.320000,40.470001,40.310001,40.389999,34.928513,109300
2019-05-20,40.400002,40.439999,40.310001,40.400002,34.937164,66600
2019-05-21,40.410000,40.509998,40.410000,40.490002,35.014996,47800
2019-05-22,40.450001,40.520000,40.410000,40.490002,35.014996,178000
2019-05-23,40.389999,40.389999,40.290001,40.330002,34.876637,131000
2019-05-24,40.360001,40.369999,40.279999,40.290001,34.842052,97800
2019-05-28,40.369999,40.389999,40.279999,40.299999,34.850700,65300
2019-05-29,40.240002,40.264999,40.165001,40.200001,34.764210,74600
2019-05-30,40.270000,40.310001,40.200001,40.240002,34.798794,82300
2019-05-31,40.250000,40.250000,39.980000,39.980000,34.573952,85800
2019-06-03,39.830002,39.880001,39.762001,39.799999,34.598305,77800
2019-06-04,39.830002,40.180000,39.830002,40.160000,34.911236,86900
2019-06-05,40.169998,40.200001,40.040001,40.180000,34.928631,854700
2019-06-06,40.160000,40.299999,40.110001,40.259998,34.998177,72400
2019-06-07,40.290001,40.400002,40.290001,40.369999,35.093796,87500
2019-06-10,40.400002,40.450001,40.369999,40.400002,35.119881,79800
2019-06-11,40.529999,40.560001,40.450001,40.509998,35.215496,179700
2019-06-12,40.480000,40.490002,40.419998,40.419998,35.137260,86400
2019-06-13,40.509998,40.560001,40.470001,40.505001,35.211155,102200
2019-06-14,40.490002,40.560001,40.459999,40.520000,35.224197,296400
2019-06-17,40.470001,40.529999,40.450001,40.450001,35.163345,1637200
2019-06-18,40.630001,40.700001,40.594002,40.680000,35.363289,139500
2019-06-19,40.630001,40.840000,40.619999,40.779999,35.450214,435200
2019-06-20,40.950001,41.090000,40.910000,41.000000,35.641468,744500
2019-06-21,40.970001,41.000999,40.919998,40.939999,35.589294,252600
2019-06-24,40.919998,40.990002,40.919998,40.950001,35.597988,84400
2019-06-25,40.980000,40.980000,40.810001,40.810001,35.476288,135400
2019-06-26,40.900002,40.900002,40.779999,40.810001,35.476288,116700
2019-06-27,40.840000,40.930000,40.830002,40.900002,35.554527,78700
2019-06-28,40.910000,40.970001,40.900002,40.939999,35.589294,773800
2019-07-01,40.919998,40.970001,40.770000,40.799999,35.634724,244500
2019-07-02,40.840000,40.910000,40.799999,40.880001,35.704590,188400
2019-07-03,40.869999,41.009998,40.869999,41.000000,35.809406,90800
2019-07-05,40.820000,40.952999,40.770000,40.830002,35.660927,77300
2019-07-08,40.830002,40.830002,40.740002,40.794998,35.630352,116900
2019-07-09,40.790001,40.799999,40.759998,40.799999,35.634724,133400
2019-07-10,40.860001,40.889999,40.810001,40.840000,35.669662,136600
2019-07-11,40.840000,40.860001,40.750000,40.810001,35.643452,117600
2019-07-12,40.799999,40.869999,40.740002,40.869999,35.695866,87100
2019-07-15,40.869999,40.880001,40.810001,40.860001,35.687130,85200
2019-07-16,40.889999,40.910000,40.775002,40.820000,35.652191,181400
2019-07-17,40.814999,40.840000,40.759998,40.779999,35.617249,130300
2019-07-18,40.750000,40.799999,40.689999,40.799999,35.634724,95500
2019-07-19,40.790001,40.790001,40.696999,40.709999,35.556118,59400
2019-07-22,40.740002,40.820000,40.740002,40.790001,35.625984,78400
2019-07-23,40.810001,40.889999,40.770000,40.869999,35.695866,202800
2019-07-24,40.880001,40.939999,40.860001,40.939999,35.756985,235300
2019-07-25,40.919998,40.919998,40.799999,40.889999,35.713326,95700
2019-07-26,40.959999,41.020000,40.930000,41.009998,35.818123,185100
2019-07-29,40.990002,40.990002,40.919998,40.959999,35.774467,136900
2019-07-30,40.880001,40.950001,40.869999,40.939999,35.756985,81300
2019-07-31,40.959999,41.000000,40.669998,40.840000,35.669662,156100
2019-08-01,40.669998,40.825001,40.610001,40.650002,35.673164,85100
2019-08-02,40.669998,40.720001,40.575001,40.709999,35.725822,8762400
2019-08-05,40.470001,40.470001,40.189999,40.279999,35.348461,5636400
2019-08-06,40.430000,40.490002,40.283001,40.439999,35.488869,233900
2019-08-07,40.290001,40.470001,40.180000,40.450001,35.497654,329700
2019-08-08,40.439999,40.610001,40.439999,40.560001,35.594177,360900
2019-08-09,40.520000,40.570000,40.449001,40.520000,35.559090,179300
2019-08-12,40.430000,40.483002,40.355000,40.375000,35.431835,2150300
2019-08-13,40.400002,40.619999,40.389999,40.549999,35.585419,314300
2019-08-14,40.389999,40.400002,40.209999,40.270000,35.339699,704500
2019-08-15,40.369999,40.410000,40.270000,40.410000,35.462547,384400
2019-08-16,40.470001,40.523998,40.459999,40.490002,35.532753,307100
2019-08-19,40.570000,40.630001,40.570000,40.610001,35.638058,177700
2019-08-20,40.580002,40.610001,40.536999,40.549999,35.585419,144300
2019-08-21,40.660000,40.759998,40.650002,40.730000,35.743366,197700
2019-08-22,40.810001,40.820000,40.680000,40.770000,35.778469,140800
2019-08-23,40.740002,40.889999,40.610001,40.650002,35.673164,101900
2019-08-26,40.820000,40.875000,40.740002,40.875000,35.870617,3312300
2019-08-27,40.959999,40.959999,40.750000,40.849998,35.848690,3203800
2019-08-28,40.830002,40.950001,40.820000,40.939999,35.927662,189700
2019-08-29,41.009998,41.070000,40.939999,40.970001,35.953995,210400
2019-08-30,41.070000,41.070000,40.869999,40.939999,35.927662,283300
2019-09-03,40.689999,40.740002,40.580002,40.660000,35.848305,164700
2019-09-04,40.750000,40.799999,40.669998,40.790001,35.962917,157300
2019-09-05,40.770000,40.900002,40.770000,40.880001,36.042278,163300
2019-09-06,40.880001,40.993999,40.869999,40.939999,36.095169,123700
2019-09-09,40.939999,40.970001,40.869999,40.959999,36.112804,1955100
2019-09-10,40.970001,41.029999,40.900002,41.029999,36.174538,1138400
2019-09-11,40.990002,41.000000,40.939999,40.980000,36.130440,785900
2019-09-12,41.009998,41.029999,40.950001,40.985001,36.134850,172800
2019-09-13,40.990002,40.990002,40.939999,40.950001,36.104000,237700
2019-09-16,41.020000,41.090000,40.990002,41.090000,36.227428,117600
2019-09-17,41.080002,41.099998,41.020000,41.095001,36.231834,247800
2019-09-18,41.110001,41.110001,40.959999,41.040001,36.183342,286700
2019-09-19,41.070000,41.099998,40.990002,41.020000,36.165707,246400
2019-09-20,41.080002,41.099998,41.009998,41.049999,36.192154,187300
2019-09-23,41.029999,41.080002,41.029999,41.070000,36.209797,181400
2019-09-24,41.099998,41.125999,40.990002,41.049999,36.192154,250100
2019-09-25,41.040001,41.040001,40.910000,40.980000,36.130440,178700
2019-09-26,41.020000,41.020000,40.910000,40.959999,36.112804,424100
2019-09-27,40.980000,40.980000,40.860001,40.900002,36.059914,145500
2019-09-30,40.930000,40.950001,40.889999,40.950001,36.104000,213400
2019-10-01,40.770000,40.779999,40.610001,40.660000,36.015419,399900
2019-10-02,40.650002,40.650002,40.417000,40.450001,35.829411,297700
2019-10-03,40.490002,40.490002,40.294998,40.419998,35.802822,722300
2019-10-04,40.470001,40.549999,40.439999,40.520000,35.891415,252100
2019-10-07,40.500000,40.540001,40.435001,40.509998,35.882545,346100
2019-10-08,40.439999,40.459999,40.349998,40.369999,35.758537,1488500
2019-10-09,40.480000,40.529999,40.459999,40.470001,35.847122,238800
2019-10-10,40.520000,40.549999,40.470001,40.520000,35.891415,2099200
2019-10-11,40.599998,40.700001,40.584999,40.660000,36.015419,298200
2019-10-14,40.700001,40.730000,40.661999,40.689999,36.041981,146700
2019-10-15,40.680000,40.779999,40.669998,40.740002,36.086273,260900
2019-10-16,40.700001,40.759998,40.700001,40.759998,36.104004,1526800
2019-10-17,40.759998,40.799999,40.757999,40.785000,36.126144,297400
2019-10-18,40.820000,40.820000,40.750000,40.799999,36.139420,330500
2019-10-21,40.810001,40.849998,40.810001,40.820000,36.157143,144700
2019-10-22,40.830002,40.830002,40.779999,40.810001,36.148281,183400
2019-10-23,40.830002,40.869999,40.799999,40.860001,36.192577,182600
2019-10-24,40.889999,40.889999,40.820000,40.880001,36.210281,230800
2019-10-25,40.869999,40.945000,40.869999,40.939999,36.263432,394100
2019-10-28,40.950001,40.970001,40.910000,40.939999,36.263432,950300
2019-10-29,40.869999,40.910000,40.840000,40.869999,36.201435,357200
2019-10-30,40.865002,40.889999,40.754002,40.820000,36.157143,282100
2019-10-31,40.799999,40.799999,40.680000,40.700001,36.050846,277100
2019-11-01,40.570000,40.660000,40.543999,40.639999,36.172794,185600
2019-11-04,40.680000,40.730000,40.630001,40.660000,36.190594,3122100
2019-11-05,40.660000,40.660000,40.570000,40.630001,36.163883,299600
2019-11-06,40.630001,40.630001,40.560001,40.599998,36.137180,242000
2019-11-07,40.660000,40.669998,40.580002,40.590000,36.128284,446200
2019-11-08,40.560001,40.610001,40.509998,40.599998,36.137180,182800
2019-11-11,40.540001,40.580002,40.529999,40.560001,36.101574,143300
2019-11-12,40.540001,40.599998,40.520000,40.590000,36.128284,460300
2019-11-13,40.560001,40.590000,40.529999,40.570000,36.110493,213100
2019-11-14,40.580002,40.599998,40.520000,40.540001,36.083778,237000
2019-11-15,40.599998,40.651001,40.577000,40.630001,36.163883,155800
2019-11-18,40.580002,40.619999,40.580002,40.599998,36.137180,256700
2019-11-19,40.570000,40.570000,40.470001,40.490002,36.039288,221900
2019-11-20,40.450001,40.500000,40.389999,40.410000,35.968067,372200
2019-11-21,40.439999,40.490002,40.374001,40.419998,35.976963,227200
2019-11-22,40.439999,40.540001,40.430000,40.540001,36.083778,162100
2019-11-25,40.520000,40.639999,40.520000,40.630001,36.163883,175400
2019-11-26,40.619999,40.660000,40.610001,40.650002,36.181679,346500
2019-11-27,40.619999,40.730000,40.619999,40.730000,36.252899,327600
2019-11-29,40.709999,40.724998,40.570000,40.570000,36.110493,904400
2019-12-02,40.480000,40.480000,40.310001,40.419998,36.154305,1757100
2019-12-03,40.320000,40.410000,40.279999,40.410000,36.145363,282300
2019-12-04,40.439999,40.509998,40.419998,40.509998,36.234810,221100
2019-12-05,40.500000,40.580002,40.445999,40.580002,36.297440,684800
2019-12-06,40.610001,40.619999,40.590000,40.619999,36.333202,431200
2019-12-09,40.599998,40.650002,40.599998,40.619999,36.333202,372000
2019-12-10,40.630001,40.730000,40.619999,40.720001,36.422661,336300
2019-12-11,40.759998,40.799999,40.680000,40.779999,36.476315,245500
2019-12-12,40.759998,40.900002,40.759998,40.889999,36.574711,210200
2019-12-13,40.930000,40.950001,40.889999,40.930000,36.610489,338400
2019-12-16,40.990002,41.060001,40.980000,41.060001,36.726776,345800
2019-12-17,41.060001,41.180000,41.020000,41.169998,36.825161,304000
2019-12-18,41.169998,41.240002,41.169998,41.240002,36.887775,211100
2019-12-19,41.060001,41.060001,40.990002,41.029999,36.878792,369800
2019-12-20,41.110001,41.119999,40.970001,40.974998,36.829346,257400
2019-12-23,40.970001,41.009998,40.970001,41.000000,36.851826,254600
2019-12-24,41.020000,41.029999,40.959999,41.029999,36.878792,132700
2019-12-26,41.070000,41.090000,41.040001,41.090000,36.932716,140800
2019-12-27,41.119999,41.119999,41.049999,41.099998,36.941704,141500
2019-12-30,41.110001,41.110001,41.000000,41.070000,36.914742,147300
2019-12-31,41.070000,41.110001,41.020000,41.099998,36.941704,349100
2020-01-02,41.160000,41.259998,41.139999,41.259998,37.085514,204500
2020-01-03,41.180000,41.259998,41.150002,41.220001,37.049568,251300
2020-01-06,41.220001,41.228001,41.139999,41.200001,37.031590,1696600
2020-01-07,41.200001,41.209999,41.150002,41.160000,36.995632,435300
2020-01-08,41.169998,41.259998,41.169998,41.209999,37.040569,220700
2020-01-09,41.200001,41.330002,41.200001,41.330002,37.148426,1914800
2020-01-10,41.290001,41.340000,41.290001,41.330002,37.148426,234300
2020-01-13,41.290001,41.369999,41.290001,41.349998,37.166409,167000
2020-01-14,41.340000,41.380001,41.310001,41.320000,37.139442,1024000
2020-01-15,41.380001,41.410000,41.340000,41.349998,37.166409,1254300
2020-01-16,41.380001,41.430000,41.369999,41.384998,37.197857,1026300
2020-01-17,41.430000,41.430000,41.369999,41.380001,37.193375,1727200
2020-01-21,41.389999,41.410000,41.299999,41.314999,37.134937,1351100
2020-01-22,41.360001,41.389999,41.310001,41.360001,37.175396,465900
2020-01-23,41.330002,41.330002,41.250000,41.290001,37.112488,635400
2020-01-24,41.259998,41.299999,41.084999,41.090000,36.932716,524100
2020-01-27,40.910000,40.990002,40.779999,40.910000,36.770927,3475800
2020-01-28,41.099998,41.196999,40.970001,41.169998,37.004627,288900
2020-01-29,41.230000,41.230000,41.130001,41.139999,36.977665,8206200
2020-01-30,41.080002,41.230000,41.029999,41.230000,37.058548,7759000
2020-01-31,41.189999,41.189999,40.990002,41.040001,36.887768,4861600
2020-02-03,40.970001,41.009998,40.865002,40.889999,36.922989,6863300
2020-02-04,41.049999,41.099998,41.000000,41.099998,37.112621,3268600
2020-02-05,41.220001,41.279999,41.154999,41.279999,37.275143,2912300
2020-02-06,41.240002,41.270000,41.174000,41.250000,37.248058,1659100
2020-02-07,41.240002,41.240002,41.169998,41.209999,37.211941,916100
2020-02-10,41.150002,41.250000,41.150002,41.240002,37.239040,902200
2020-02-11,41.349998,41.355999,41.290001,41.310001,37.302246,550300
2020-02-12,41.400002,41.450001,41.340000,41.450001,37.428665,3096900
2020-02-13,41.410000,41.430000,41.369999,41.410000,37.392551,2004600
2020-02-14,41.450001,41.470001,41.389999,41.470001,37.446728,421600
2020-02-18,41.419998,41.419998,41.305000,41.340000,37.329334,807800
2020-02-19,41.410000,41.410000,41.361000,41.369999,37.356419,528200
2020-02-20,41.450001,41.450001,41.259998,41.419998,37.401573,5039600
2020-02-21,41.439999,41.439999,41.320000,41.400002,37.383511,428300
2020-02-24,41.020000,41.070000,40.910000,40.970001,36.995228,5882400
2020-02-25,41.139999,41.150002,40.619999,40.630001,36.688210,4047000
2020-02-26,40.720001,40.860001,40.560001,40.750000,36.796574,2301300
2020-02-27,40.430000,40.678001,40.180000,40.200001,36.299938,2022600
2020-02-28,39.869999,40.430000,39.701000,40.410000,36.489555,1819700
2020-03-02,40.220001,40.465000,39.939999,40.439999,36.680027,2692100
2020-03-03,40.430000,40.750000,40.160000,40.330002,36.580261,8165300
2020-03-04,40.759998,40.810001,40.605000,40.785000,36.992962,5636800
2020-03-05,40.490002,40.505001,40.240002,40.290001,36.543983,3292200
2020-03-06,39.810001,39.930000,39.570000,39.900002,36.190239,1301600
2020-03-09,35.950001,38.220001,35.950001,38.130001,34.584812,6700700
2020-03-10,38.590000,38.799999,38.000000,38.650002,35.056450,1146400
2020-03-11,37.959999,38.380001,37.439999,37.740002,34.231071,2889100
2020-03-12,35.779999,37.279999,35.779999,36.360001,32.979374,7239200
2020-03-13,36.820000,37.470001,36.509998,37.419998,33.940815,6834300
2020-03-16,33.889999,36.280998,33.889999,35.419998,32.126770,4012500
2020-03-17,35.330002,35.950001,34.957001,35.540001,32.235622,5984800
2020-03-18,34.419998,34.959999,33.549999,34.099998,30.929508,3166700
2020-03-19,33.590000,34.000000,33.070000,33.349998,30.249241,2256000
2020-03-20,33.139999,33.562000,32.259998,32.259998,29.260578,3696800
2020-03-23,32.590000,32.790001,31.580999,32.020000,29.042891,1207400
2020-03-24,32.959999,33.310001,32.490002,33.200001,30.113184,975300
2020-03-25,33.150002,34.700001,33.119999,33.910000,30.757172,1632900
2020-03-26,34.250000,35.230000,33.980000,35.200001,31.927238,3030200
2020-03-27,35.029999,36.240002,34.595001,35.750000,32.426090,21981400
2020-03-30,35.544998,36.161999,35.189999,36.049999,32.698193,3714900
2020-03-31,35.570000,35.980000,35.500000,35.500000,32.199341,2685400
2020-04-01,34.770000,34.770000,34.389999,34.389999,31.363928,1199100
2020-04-02,34.669998,35.099998,34.360001,34.830002,31.765221,1042500
2020-04-03,34.740002,34.830002,34.049999,34.169998,31.163284,657900
2020-04-06,34.970001,35.020000,34.650002,34.919998,31.847301,843800
2020-04-07,35.389999,35.549999,34.810001,34.889999,31.819941,953200
2020-04-08,35.240002,35.854000,35.130001,35.689999,32.549545,624200
2020-04-09,37.740002,38.369999,37.270000,37.849998,34.519474,1853300
2020-04-13,37.650002,37.650002,36.950001,37.380001,34.090843,1928400
2020-04-14,37.720001,37.790001,37.369999,37.669998,34.355316,4342300
2020-04-15,37.099998,37.279999,36.900002,37.279999,33.999638,1785900
2020-04-16,37.250000,37.270000,36.900002,37.240002,33.963158,907900
2020-04-17,37.549999,37.580002,37.349998,37.470001,34.172920,2145800
2020-04-20,37.160000,37.939999,36.860001,36.930000,33.680439,3599800
2020-04-21,36.549999,36.549999,36.134998,36.310001,33.114994,1392700
2020-04-22,36.750000,36.759998,36.519001,36.570000,33.352108,2721300
2020-04-23,36.669998,36.779999,36.439999,36.509998,33.297398,843400
2020-04-24,36.610001,36.610001,36.209999,36.299999,33.105858,946900
2020-04-27,36.430000,36.509998,36.339001,36.369999,33.169712,1931500
2020-04-28,36.580002,36.580002,36.294998,36.400002,33.197071,1152500
2020-04-29,36.709999,36.959999,36.610001,36.950001,33.698669,1856000
2020-04-30,36.820000,37.080002,36.700001,37.029999,33.771626,1467700
2020-05-01,36.599998,36.619999,36.250000,36.270000,33.251820,2135600
2020-05-04,36.299999,36.310001,36.139999,36.290001,33.270161,853800
2020-05-05,36.439999,36.549999,36.400002,36.480000,33.444344,818900
2020-05-06,36.590000,36.630001,36.290001,36.330002,33.306824,685000
2020-05-07,36.590000,36.730000,36.439999,36.470001,33.435181,702800
2020-05-08,36.630001,36.840000,36.549999,36.799999,33.737717,1183500
2020-05-11,36.720001,36.770000,36.639999,36.680000,33.627693,422400
2020-05-12,36.919998,36.919998,36.590000,36.630001,33.581867,525800
2020-05-13,36.650002,36.650002,36.320000,36.410000,33.380165,1205300
2020-05-14,36.299999,36.470001,36.077000,36.459999,33.426003,1110300
2020-05-15,36.259998,36.404999,36.134998,36.389999,33.361828,1781300
2020-05-18,36.799999,36.950001,36.700001,36.930000,33.856895,2969600
2020-05-19,36.910000,37.099998,36.820000,37.000000,33.921062,3922700
2020-05-20,37.240002,37.450001,37.180000,37.419998,34.306114,1021800
2020-05-21,37.470001,37.490002,37.305000,37.400002,34.287792,1094500
2020-05-22,37.459999,37.605000,37.330002,37.529999,34.406971,1450800
2020-05-26,37.810001,37.959999,37.779999,37.860001,34.709507,943600
2020-05-27,38.040001,38.044998,37.770000,37.970001,34.810356,1648700
2020-05-28,38.139999,38.215000,37.930000,37.980000,34.819530,1591200
2020-05-29,38.049999,38.279999,37.910000,38.160000,34.984539,607500
2020-06-01,37.939999,38.240002,37.915001,38.220001,35.193569,2668500
2020-06-02,38.340000,38.680000,38.255001,38.590000,35.534271,1796500
2020-06-03,38.770000,38.980000,38.730000,38.900002,35.819725,1042900
2020-06-04,38.889999,38.889999,38.720001,38.840000,35.764477,1236500
2020-06-05,39.240002,39.470001,39.110001,39.200001,36.095963,2114100
2020-06-08,40.000000,40.000000,39.224998,39.349998,36.234089,8431800
2020-06-09,39.150002,39.299999,38.939999,39.299999,36.188046,3524000
2020-06-10,39.000000,39.230000,38.779999,39.049999,35.957832,1007600
2020-06-11,38.500000,38.630001,38.040001,38.209999,35.184357,1372800
2020-06-12,38.650002,38.680000,38.200001,38.450001,35.405361,1565500
2020-06-15,38.270000,38.970001,38.160000,38.830002,35.755268,964800
2020-06-16,39.290001,39.290001,38.799999,38.950001,35.865765,2357500
2020-06-17,39.020000,39.070000,38.860001,38.869999,35.792091,681300
2020-06-18,38.820000,38.919998,38.759998,38.825001,35.750660,874800
2020-06-19,39.070000,39.070000,38.700001,38.810001,35.736851,867300
2020-06-22,38.830002,38.863998,38.709999,38.759998,35.690804,2864300
2020-06-23,38.869999,38.869999,38.700001,38.740002,35.672398,5118200
2020-06-24,38.619999,38.660000,38.160000,38.389999,35.350105,1776800
2020-06-25,38.340000,38.470001,38.172001,38.450001,35.405361,949200
2020-06-26,38.349998,38.349998,38.040001,38.130001,35.110706,1361900
2020-06-29,38.200001,38.200001,37.570000,37.779999,34.788414,24526900
2020-06-30,37.900002,38.250000,37.880001,38.220001,35.193569,3666400
2020-07-01,38.139999,38.230000,38.070999,38.180000,35.323093,744600
2020-07-02,38.369999,38.520000,38.279999,38.360001,35.489628,687400
2020-07-06,38.680000,38.680000,38.480000,38.580002,35.693172,1199400
2020-07-07,38.700001,38.700001,38.410000,38.439999,35.563633,1736000
2020-07-08,38.330002,38.549999,38.330002,38.509998,35.628403,774500
2020-07-09,38.540001,38.540001,38.220001,38.470001,35.591400,677300
2020-07-10,38.430000,38.580002,38.340000,38.540001,35.656166,688300
2020-07-13,38.660000,38.750000,38.290001,38.320000,35.452625,408700
2020-07-14,38.430000,38.680000,38.360001,38.680000,35.785679,267200
2020-07-15,38.910000,38.919998,38.759998,38.910000,35.998470,397200
2020-07-16,38.910000,38.959999,38.855000,38.930000,36.016983,5758800
2020-07-17,39.049999,39.125000,38.914001,39.099998,36.174248,902600
2020-07-20,39.000000,39.330002,39.000000,39.320000,36.377789,1024600
2020-07-21,39.349998,39.480000,39.349998,39.430000,36.479565,1197800
2020-07-22,39.389999,39.580002,39.389999,39.580002,36.618340,2194400
2020-07-23,39.580002,39.590000,39.299999,39.549999,36.590580,1809900
2020-07-24,39.549999,39.639999,39.466999,39.599998,36.636837,430600
2020-07-27,39.669998,39.720001,39.549999,39.720001,36.747864,857300
2020-07-28,39.680000,39.709999,39.540001,39.540001,36.581333,731900
2020-07-29,39.689999,39.849998,39.689999,39.820000,36.840370,585200
2020-07-30,39.730000,40.009998,39.730000,39.970001,36.979156,7039800
2020-07-31,39.959999,40.029999,39.759998,40.029999,37.034668,2526400
2020-08-03,40.000000,40.000000,39.770000,39.840000,37.022591,1051000
2020-08-04,39.799999,39.880001,39.755001,39.869999,37.050457,680900
2020-08-05,39.889999,39.970001,39.876999,39.939999,37.115509,714500
2020-08-06,39.980000,40.040001,39.910000,40.020000,37.189861,559900
2020-08-07,40.000000,40.009998,39.889999,39.950001,37.124805,1281400
2020-08-10,39.990002,39.990002,39.860001,39.970001,37.143391,501600
2020-08-11,39.980000,40.020000,39.619999,39.709999,36.901779,1111900
2020-08-12,39.889999,39.917999,39.689999,39.759998,36.948242,592300
2020-08-13,39.689999,39.840000,39.549999,39.570000,36.771679,1032600
2020-08-14,39.580002,39.610001,39.419998,39.540001,36.743801,697200
2020-08-17,39.570000,39.759998,39.549999,39.759998,36.948242,792100
2020-08-18,39.750000,39.820000,39.629002,39.790001,36.976116,923600
2020-08-19,39.740002,39.769001,39.580002,39.630001,36.827438,710000
2020-08-20,39.590000,39.750000,39.570000,39.720001,36.911076,558600
2020-08-21,39.790001,39.799999,39.709999,39.759998,36.948242,3052600
2020-08-24,39.880001,39.950001,39.840000,39.939999,37.115509,703800
2020-08-25,39.990002,40.029999,39.869999,40.020000,37.189861,791500
2020-08-26,40.049999,40.090000,39.990002,40.029999,37.199150,862900
2020-08-27,40.099998,40.099998,39.867001,39.980000,37.152691,532300
2020-08-28,40.049999,40.058998,39.976002,40.020000,37.189861,966100
2020-08-31,40.020000,40.049999,39.939999,40.000000,37.171261,1079800
2020-09-01,39.790001,40.009998,39.719002,39.990002,37.328091,677000
2020-09-02,40.060001,40.110001,39.872002,40.044998,37.379425,1442500
2020-09-03,40.000000,40.000000,39.639999,39.799999,37.150734,1028100
2020-09-04,39.849998,39.938000,39.439999,39.770000,37.122730,1336600
2020-09-08,39.560001,39.669998,39.450001,39.500000,36.870705,1326600
2020-09-09,39.689999,39.840000,39.610001,39.779999,37.132065,1581300
2020-09-10,39.849998,39.860001,39.619999,39.630001,36.992058,931400
2020-09-11,39.730000,39.730000,39.500000,39.700001,37.057392,437200
2020-09-14,39.770000,39.810001,39.630001,39.689999,37.048054,1384100
2020-09-15,39.680000,39.820000,39.680000,39.759998,37.113396,714600
2020-09-16,39.810001,39.910000,39.750000,39.779999,37.132065,1033000
2020-09-17,39.669998,39.820000,39.639999,39.740002,37.094727,525300
2020-09-18,39.810001,39.830002,39.605000,39.650002,37.010719,440400
2020-09-21,39.529999,39.529999,39.230000,39.340000,36.721363,1182900
2020-09-22,39.430000,39.490002,39.297001,39.450001,36.824028,1702300
2020-09-23,39.490002,39.490002,39.095001,39.139999,36.534660,1079200
2020-09-24,39.060001,39.240002,38.919998,39.150002,36.544006,2111300
2020-09-25,39.099998,39.180000,39.000000,39.070000,36.469330,1480200
2020-09-28,39.270000,39.369999,39.200001,39.299999,36.684013,1223200
2020-09-29,39.349998,39.360001,39.185001,39.320000,36.702686,1143100
2020-09-30,39.360001,39.529999,39.340000,39.470001,36.842705,702800
2020-10-01,39.400002,39.438000,39.320000,39.410000,36.965576,2841100
2020-10-02,39.240002,39.419998,39.200001,39.380001,36.937439,797900
2020-10-05,39.500000,39.625000,39.500000,39.599998,37.143799,2428300
2020-10-06,39.680000,39.759998,39.490002,39.500000,37.049992,7464100
2020-10-07,39.689999,39.689999,39.599998,39.660000,37.200069,1267200
2020-10-08,39.810001,39.810001,39.720001,39.790001,37.322002,855500
2020-10-09,39.820000,39.875000,39.759998,39.869999,37.397038,966000
2020-10-12,40.009998,40.110001,39.959999,40.090000,37.603397,1070300
2020-10-13,40.060001,40.060001,39.849998,39.910000,37.434566,1285400
2020-10-14,39.950001,39.950001,39.779999,39.869999,37.397038,3728500
2020-10-15,39.709999,39.845001,39.639999,39.840000,37.368908,1484400
2020-10-16,39.849998,39.889999,39.709999,39.750000,37.284489,1668400
2020-10-19,39.869999,39.869999,39.625000,39.660000,37.200069,1871600
2020-10-20,39.759998,39.860001,39.730000,39.820000,37.350136,1443100
2020-10-21,39.849998,39.889000,39.730000,39.759998,37.293865,1189800
2020-10-22,39.830002,39.889999,39.740002,39.889999,37.415802,736600
2020-10-23,39.950001,39.950001,39.830002,39.939999,37.462704,748300
2020-10-26,39.799999,39.820000,39.599998,39.610001,37.153172,1954800
2020-10-27,39.669998,39.735001,39.619999,39.660000,37.200069,786300
2020-10-28,39.430000,39.450001,39.259998,39.320000,36.881157,2580600
2020-10-29,39.340000,39.450001,39.250000,39.400002,36.956200,2864400
2020-10-30,39.419998,39.529999,39.290001,39.520000,37.068756,1043300
2020-11-02,39.439999,39.480000,39.290001,39.410000,37.142273,1269800
2020-11-03,39.520000,39.724998,39.490002,39.715000,37.429710,1510900
2020-11-04,39.849998,40.150002,39.830002,40.020000,37.717159,2097900
2020-11-05,40.240002,40.310001,40.110001,40.160000,37.849106,1217600
2020-11-06,40.230000,40.230000,40.009998,40.080002,37.773708,2102100
2020-11-09,40.750000,40.839001,40.349998,40.369999,38.047012,2436300
2020-11-10,40.400002,40.470001,40.230000,40.360001,38.037601,4835100
2020-11-11,40.470001,40.470001,40.270000,40.330002,38.009335,674200
2020-11-12,40.330002,40.330002,40.090000,40.099998,37.792561,1202000
2020-11-13,40.169998,40.279999,40.105000,40.230000,37.915085,836200
2020-11-16,40.419998,40.470001,40.349998,40.459999,38.131844,794700
2020-11-17,40.439999,40.549999,40.369999,40.500000,38.169544,1245200
2020-11-18,40.560001,40.590000,40.400002,40.419998,38.094143,1388000
2020-11-19,40.459999,40.619999,40.380001,40.580002,38.244946,2334600
2020-11-20,40.570000,40.580002,40.490002,40.520000,38.188396,982800
2020-11-23,40.630001,40.650002,40.540001,40.630001,38.292065,834600
2020-11-24,40.759998,40.820000,40.650002,40.689999,38.348610,1728600
2020-11-25,40.720001,40.759998,40.650002,40.680000,38.339191,5939100
2020-11-27,40.820000,40.820000,40.730000,40.759998,38.414585,498800
2020-11-30,40.790001,40.790001,40.630001,40.709999,38.367466,1373800
2020-12-01,40.700001,40.759998,40.650002,40.700001,38.528389,1388600
2020-12-02,40.709999,40.830002,40.650002,40.790001,38.613586,953000
2020-12-03,40.849998,40.889999,40.770000,40.779999,38.604115,4035500
2020-12-04,40.900002,40.980000,40.860001,40.939999,38.755585,2494600
2020-12-07,40.939999,40.959999,40.889999,40.939999,38.755585,785200
2020-12-08,40.959999,41.000000,40.910000,40.950001,38.765049,1454100
2020-12-09,41.009998,41.009998,40.834999,40.900002,38.717716,1506300
2020-12-10,40.869999,41.029999,40.840000,40.980000,38.793457,1878100
2020-12-11,40.970001,41.035000,40.869999,40.950001,38.765049,14924100
2020-12-14,41.020000,41.035000,40.889999,40.939999,38.755585,1141700
2020-12-15,41.000000,41.099998,40.933998,41.080002,38.888119,1716400
2020-12-16,41.049999,41.070000,40.904999,41.020000,38.831318,807000
2020-12-17,40.939999,40.950001,40.884998,40.930000,38.909267,1001300
2020-12-18,40.980000,40.980000,40.875000,40.930000,38.909267,915400
2020-12-21,40.830002,40.880001,40.730000,40.810001,38.795197,993700
2020-12-22,40.830002,40.884998,40.810001,40.869999,38.852234,527100
2020-12-23,40.950001,41.049999,40.939999,41.020000,38.994823,1027000
2020-12-24,41.080002,41.139999,41.070000,41.139999,39.108906,361500
2020-12-28,41.209999,41.230000,41.115002,41.139999,39.108906,837300
2020-12-29,41.209999,41.250000,41.117001,41.130001,39.099392,1667300
2020-12-30,41.180000,41.250000,41.157001,41.200001,39.165939,1385700
2020-12-31,41.189999,41.264999,41.180000,41.259998,39.222973,1361300
2021-01-04,41.310001,41.310001,41.043999,41.160000,39.127914,1443900
2021-01-05,41.130001,41.244999,41.112999,41.200001,39.165939,1099500
2021-01-06,41.189999,41.275002,41.090000,41.099998,39.070873,3237500
2021-01-07,41.240002,41.299999,41.185001,41.209999,39.175446,831300
2021-01-08,41.320000,41.320000,41.169998,41.290001,39.251503,2386700
2021-01-11,41.150002,41.209999,41.054001,41.090000,39.061371,1368000
2021-01-12,41.090000,41.169998,41.020000,41.139999,39.108906,1350700
2021-01-13,41.150002,41.270000,41.130001,41.259998,39.222973,1425700
2021-01-14,41.279999,41.299999,41.220001,41.250000,39.213470,1316200
2021-01-15,41.240002,41.290001,41.139999,41.189999,39.156429,1753700
2021-01-19,41.320000,41.330002,41.220001,41.279999,39.241982,1520000
2021-01-20,41.450001,41.450001,41.340000,41.410000,39.365570,1120500
2021-01-21,41.430000,41.430000,41.349998,41.400002,39.356068,816900
2021-01-22,41.290001,41.360001,41.244999,41.299999,39.261002,851900
2021-01-25,41.299999,41.310001,41.154999,41.299999,39.261002,1294700
2021-01-26,41.320000,41.330002,41.244999,41.290001,39.251503,888800
2021-01-27,41.230000,41.277000,41.080002,41.180000,39.146927,926000
2021-01-28,41.270000,41.389999,41.230999,41.259998,39.222973,825500
2021-01-29,41.250000,41.340000,41.119999,41.169998,39.137417,1019200
2021-02-01,41.049999,41.119999,40.959999,41.080002,39.223354,1651700
2021-02-02,41.230000,41.270000,41.180000,41.200001,39.337925,2755300
2021-02-03,41.259998,41.310001,41.205002,41.240002,39.376125,5368700
2021-02-04,41.320000,41.380001,41.291000,41.320000,39.452503,1551900
2021-02-05,41.470001,41.470001,41.380001,41.410000,39.538433,1247100
2021-02-08,41.459999,41.529999,41.419998,41.529999,39.653019,1533900
2021-02-09,41.500000,41.500000,41.430000,41.439999,39.567078,1319600
2021-02-10,41.470001,41.494999,41.375000,41.439999,39.567078,1285800
2021-02-11,41.490002,41.500000,41.430000,41.500000,39.624371,908400
2021-02-12,41.490002,41.580002,41.455002,41.580002,39.700752,924100
2021-02-16,41.540001,41.540001,41.439999,41.480000,39.605270,2190000
2021-02-17,41.450001,41.500000,41.395000,41.500000,39.624371,2033300
2021-02-18,41.450001,41.470001,41.389999,41.430000,39.557529,1048200
2021-02-19,41.500000,41.500000,41.410000,41.410000,39.538433,960300
2021-02-22,41.400002,41.410000,41.310001,41.330002,39.462059,1794400
2021-02-23,41.330002,41.459999,41.205002,41.450001,39.576630,1936600
2021-02-24,41.360001,41.459999,41.330002,41.459999,39.586178,1702500
2021-02-25,41.380001,41.439999,41.044998,41.090000,39.232895,3149900
2021-02-26,41.220001,41.220001,40.970001,41.040001,39.185154,2542400
2021-03-01,41.020000,41.290001,41.000000,41.259998,39.566826,1633500
2021-03-02,41.270000,41.270000,41.160000,41.169998,39.480522,1729700
2021-03-03,41.139999,41.160000,41.009998,41.009998,39.327076,1326400
2021-03-04,41.099998,41.160000,40.770000,40.889999,39.212013,2813100
2021-03-05,40.980000,41.060001,40.764999,40.980000,39.298317,4336900
2021-03-08,40.990002,41.020000,40.700001,40.700001,39.029808,3177200
2021-03-09,40.810001,40.930000,40.770000,40.770000,39.096939,2525100
2021-03-10,40.840000,40.955002,40.799999,40.880001,39.202419,4206200
2021-03-11,41.020000,41.099998,40.974998,40.990002,39.307907,2168100
2021-03-12,40.980000,40.980000,40.860001,40.930000,39.250370,3993600
2021-03-15,40.919998,40.930000,40.840000,40.919998,39.240776,2872200
2021-03-16,40.919998,40.919998,40.799999,40.830002,39.154472,1871200
2021-03-17,40.779999,40.990002,40.730999,40.880001,39.202419,3694400
2021-03-18,40.680000,40.730000,40.549999,40.549999,38.885960,5597500
2021-03-19,40.619999,40.730000,40.500000,40.720001,39.048985,2447200
2021-03-22,40.799999,40.900002,40.740002,40.860001,39.183247,2031400
2021-03-23,40.869999,40.895000,40.780998,40.880001,39.202419,2396300
2021-03-24,40.950001,41.020000,40.869999,40.939999,39.259960,11063800
2021-03-25,40.939999,40.990002,40.840000,40.980000,39.298317,1781400
2021-03-26,41.049999,41.119999,40.950001,41.119999,39.432575,810800
2021-03-29,41.110001,41.160000,41.014999,41.160000,39.470928,1628700
2021-03-30,41.090000,41.108002,41.040001,41.060001,39.375038,5333800
2021-03-31,41.110001,41.200001,41.080002,41.189999,39.499702,3004200
2021-04-01,41.090000,41.099998,41.000000,41.099998,39.586380,2295300
2021-04-05,41.180000,41.180000,41.099998,41.150002,39.634548,2219300
2021-04-06,41.200001,41.240002,41.169998,41.230000,39.711601,2214600
2021-04-07,41.279999,41.279999,41.189999,41.220001,39.701965,3008000
2021-04-08,41.299999,41.299999,41.230000,41.250000,39.730865,1811200
2021-04-09,41.200001,41.220001,41.169998,41.209999,39.692333,1948000
2021-04-12,41.160000,41.189999,41.119999,41.169998,39.653809,1251300
2021-04-13,41.160000,41.230000,41.090000,41.209999,39.692333,1620600
2021-04-14,41.259998,41.279999,41.181000,41.209999,39.692333,2084500
2021-04-15,41.310001,41.369999,41.270000,41.360001,39.836807,1677400
2021-04-16,41.410000,41.410000,41.270000,41.290001,39.769390,1652500
2021-04-19,41.290001,41.290001,41.209999,41.220001,39.701965,1185900
2021-04-20,41.209999,41.220001,41.139999,41.180000,39.663437,4527700
2021-04-21,41.180000,41.299999,41.152000,41.270000,39.750126,2421500
2021-04-22,41.320000,41.320000,41.185001,41.230000,39.711601,1673100
2021-04-23,41.270000,41.369999,41.220001,41.330002,39.807922,1427400
2021-04-26,41.349998,41.360001,41.270000,41.270000,39.750126,1393500
2021-04-27,41.340000,41.340000,41.279999,41.299999,39.779022,1949600
2021-04-28,41.310001,41.375999,41.240002,41.360001,39.836807,1787200
2021-04-29,41.430000,41.430000,41.310001,41.389999,39.865704,1971600
2021-04-30,41.349998,41.400002,41.330002,41.389999,39.865704,974200
2021-05-03,41.250000,41.279999,41.195000,41.220001,39.877319,4910100
2021-05-04,41.220001,41.220001,41.119999,41.220001,39.877319,2745000
2021-05-05,41.230000,41.299999,41.230000,41.279999,39.935352,985300
2021-05-06,41.310001,41.310001,41.220001,41.250000,39.906338,2057800
2021-05-07,41.330002,41.348000,41.270000,41.310001,39.964382,2278700
2021-05-10,41.310001,41.340000,41.230000,41.259998,39.916008,3615300
2021-05-11,41.169998,41.209999,41.075001,41.200001,39.857967,2507900
2021-05-12,41.160000,41.160000,40.990002,41.000000,39.664478,7971400
2021-05-13,41.099998,41.180000,41.060001,41.139999,39.799923,2142600
2021-05-14,41.180000,41.244999,41.139999,41.240002,39.896660,642000
2021-05-17,41.259998,41.279999,41.130001,41.130001,39.790245,3701500
2021-05-18,41.169998,41.200001,41.080002,41.080002,39.741879,2529300
2021-05-19,41.029999,41.099998,40.950001,40.950001,39.616116,4369900
2021-05-20,41.040001,41.160000,41.009998,41.130001,39.790245,2072000
2021-05-21,41.240002,41.240002,41.134998,41.180000,39.838615,1108500
2021-05-24,41.259998,41.320000,41.209999,41.250000,39.906338,4321100
2021-05-25,41.310001,41.310001,41.230000,41.279999,39.935352,1579800
2021-05-26,41.279999,41.310001,41.244999,41.310001,39.964382,4424900
2021-05-27,41.360001,41.360001,41.240002,41.259998,39.916008,3112400
2021-05-28,41.310001,41.330002,41.230000,41.240002,39.896660,2583300
2021-06-01,41.169998,41.220001,41.130001,41.169998,39.999649,2996000
2021-06-02,41.270000,41.270000,41.200001,41.200001,40.028797,865900
2021-06-03,41.160000,41.230000,41.130001,41.189999,40.019077,995000
2021-06-04,41.250000,41.279999,41.215000,41.279999,40.106518,1250100
2021-06-07,41.310001,41.320000,41.259998,41.320000,40.145390,570900
2021-06-08,41.349998,41.368000,41.314999,41.340000,40.164818,2055200
2021-06-09,41.380001,41.419998,41.360001,41.389999,40.213390,1302300
2021-06-10,41.430000,41.490002,41.400002,41.459999,40.281410,1160400
2021-06-11,41.509998,41.509998,41.435001,41.480000,40.300835,937500
2021-06-14,41.480000,41.480000,41.419998,41.459999,40.281410,722400
2021-06-15,41.439999,41.459999,41.400002,41.459999,40.281410,1060200
2021-06-16,41.450001,41.470001,41.310001,41.400002,40.223114,1723400
2021-06-17,41.419998,41.459999,41.388000,41.419998,40.242542,1174900
2021-06-18,41.369999,41.430000,41.330002,41.410000,40.232830,1731100
2021-06-21,41.470001,41.490002,41.410000,41.490002,40.310551,645900
2021-06-22,41.480000,41.509998,41.439999,41.509998,40.329979,2256700
2021-06-23,41.520000,41.560001,41.485001,41.490002,40.310551,1924800
2021-06-24,41.590000,41.599998,41.529999,41.570000,40.388283,2154100
2021-06-25,41.650002,41.660000,41.590000,41.630001,40.446571,869000
2021-06-28,41.669998,41.669998,41.619999,41.669998,40.485435,1374200
2021-06-29,41.669998,41.709999,41.650002,41.709999,40.524303,1048200
2021-06-30,41.709999,41.720001,41.669998,41.720001,40.534012,1110500
2021-07-01,41.599998,41.630001,41.549999,41.630001,40.613033,1452700
2021-07-02,41.669998,41.700001,41.630001,41.669998,40.652058,706800
2021-07-06,41.689999,41.720001,41.645000,41.689999,40.671574,879400
2021-07-07,41.750000,41.750000,41.654999,41.720001,40.700836,2201000
2021-07-08,41.610001,41.680000,41.570000,41.650002,40.632549,2520300
2021-07-09,41.680000,41.720001,41.660000,41.709999,40.691086,698300
2021-07-12,41.720001,41.720001,41.650002,41.700001,40.681328,1582300
2021-07-13,41.680000,41.680000,41.570000,41.580002,40.564262,796400
2021-07-14,41.610001,41.660000,41.585999,41.639999,40.622795,568200
2021-07-15,41.639999,41.639999,41.570000,41.630001,40.613033,573600
2021-07-16,41.660000,41.660000,41.549999,41.549999,40.534992,1077900
2021-07-19,41.500000,41.500000,41.259998,41.330002,40.320366,2238700
2021-07-20,41.340000,41.490002,41.275002,41.490002,40.476456,852700
2021-07-21,41.529999,41.590000,41.490002,41.590000,40.574009,1083700
2021-07-22,41.610001,41.630001,41.539001,41.599998,40.583767,529200
2021-07-23,41.669998,41.699001,41.619999,41.689999,40.671574,704700
2021-07-26,41.700001,41.700001,41.599998,41.619999,40.603279,2800400
2021-07-27,41.619999,41.619999,41.509998,41.590000,40.574009,765700
2021-07-28,41.669998,41.669998,41.560001,41.639999,40.622795,662300
2021-07-29,41.639999,41.730000,41.619999,41.680000,40.661812,1626600
2021-07-30,41.700001,41.700001,41.639999,41.650002,40.632549,949200
2021-08-02,41.540001,41.540001,41.395000,41.410000,40.565937,1234700
2021-08-03,41.459999,41.459999,41.361000,41.450001,40.605122,862500
2021-08-04,41.430000,41.430000,41.340000,41.360001,40.516953,741400
2021-08-05,41.410000,41.430000,41.380001,41.380001,40.536545,1112300
2021-08-06,41.450001,41.450001,41.380001,41.389999,40.546337,1871200
2021-08-09,41.410000,41.410000,41.290001,41.299999,40.458176,936800
2021-08-10,41.320000,41.320000,41.189999,41.230000,40.389599,2611600
2021-08-11,41.270000,41.310001,41.230000,41.310001,40.467976,763600
2021-08-12,41.320000,41.340000,41.270000,41.330002,40.487564,2138000
2021-08-13,41.369999,41.419998,41.349998,41.389999,40.546337,1426200
2021-08-16,41.439999,41.439999,41.369999,41.430000,40.585526,1966700
2021-08-17,41.410000,41.410000,41.299999,41.369999,40.526749,2125400
2021-08-18,41.389999,41.389999,41.250000,41.259998,40.418987,735200
2021-08-19,41.250000,41.299999,41.180000,41.259998,40.418987,2071000
2021-08-20,41.290001,41.360001,41.250000,41.299999,40.458176,1787000
2021-08-23,41.419998,41.477001,41.380001,41.430000,40.585526,1551400
2021-08-24,41.509998,41.520000,41.410000,41.509998,40.663895,1187100
2021-08-25,41.560001,41.580002,41.490002,41.580002,40.732471,3406500
2021-08-26,41.580002,41.580002,41.474998,41.549999,40.703083,1434600
2021-08-27,41.570000,41.660000,41.560001,41.630001,40.781448,1881000
2021-08-30,41.680000,41.730000,41.640999,41.689999,40.840229,1265700
2021-08-31,41.730000,41.740002,41.669998,41.740002,40.889210,709200
2021-09-01,41.599998,41.610001,41.549999,41.599998,40.917728,1453400
2021-09-02,41.680000,41.680000,41.570000,41.570000,40.888229,1651900
2021-09-03,41.660000,41.669998,41.619999,41.650002,40.966915,1006400
2021-09-07,41.660000,41.660000,41.555000,41.570000,40.888229,1754000
2021-09-08,41.590000,41.630001,41.529999,41.619999,40.937405,1828400
2021-09-09,41.630001,41.669998,41.610001,41.639999,40.957073,841200
2021-09-10,41.639999,41.720001,41.599998,41.610001,40.927567,961000
2021-09-13,41.639999,41.730000,41.639999,41.730000,41.045597,896200
2021-09-14,41.740002,41.750000,41.680000,41.709999,41.025925,1126800
2021-09-15,41.759998,41.799999,41.724998,41.790001,41.104614,1003300
2021-09-16,41.750000,41.799999,41.702000,41.799999,41.114452,940700
2021-09-17,41.779999,41.779999,41.720001,41.740002,41.055435,1842700
2021-09-20,41.560001,41.630001,41.500000,41.630001,40.947243,2464600
2021-09-21,41.689999,41.689999,41.570000,41.639999,40.957073,1241400
2021-09-22,41.680000,41.772999,41.660000,41.720001,41.035767,1402500
2021-09-23,41.779999,41.779999,41.680000,41.720001,41.035767,1200500
2021-09-24,41.730000,41.730000,41.630001,41.680000,40.996422,1946700
2021-09-27,41.599998,41.669998,41.580002,41.650002,40.966915,988300
2021-09-28,41.590000,41.590000,41.439999,41.480000,40.799694,2786500
2021-09-29,41.540001,41.580002,41.490002,41.520000,40.839043,1883900
2021-09-30,41.529999,41.570000,41.439999,41.500000,40.819374,1887200
2021-10-01,41.410000,41.430000,41.290001,41.369999,40.861843,2511900
2021-10-04,41.369999,41.400002,41.264999,41.270000,40.763073,2215900
2021-10-05,41.270000,41.340000,41.230000,41.259998,40.753193,1143300
2021-10-06,41.160000,41.259998,41.111000,41.240002,40.733440,1988100
2021-10-07,41.310001,41.359001,41.220001,41.240002,40.733440,1271200
2021-10-08,41.200001,41.250000,41.110001,41.119999,40.614910,1361300
2021-10-11,41.160000,41.160000,41.000000,41.009998,40.506264,1309100
2021-10-12,41.080002,41.134998,41.049999,41.080002,40.575409,1816900
2021-10-13,41.139999,41.180000,41.060001,41.169998,40.664299,2293500
2021-10-14,41.240002,41.419998,41.240002,41.419998,40.911228,974200
2021-10-15,41.419998,41.419998,41.320000,41.340000,40.832214,1348600
2021-10-18,41.250000,41.310001,41.230000,41.299999,40.792706,1657100
2021-10-19,41.320000,41.349998,41.279999,41.349998,40.842087,759000
2021-10-20,41.330002,41.348999,41.310001,41.340000,40.832214,1955200
2021-10-21,41.369999,41.380001,41.244999,41.279999,40.772949,1129900
2021-10-22,41.299999,41.299999,41.153000,41.200001,40.693935,805500
2021-10-25,41.259998,41.270000,41.150002,41.259998,40.753193,856600
2021-10-26,41.320000,41.320000,41.259998,41.279999,40.772949,646000
2021-10-27,41.330002,41.330002,41.250000,41.259998,40.753193,754800
2021-10-28,41.270000,41.340000,41.270000,41.330002,40.822342,1378000
2021-10-29,41.310001,41.330002,41.259998,41.299999,40.792706,2138500
2021-11-01,41.150002,41.150002,41.060001,41.070000,40.733196,1541300
2021-11-02,41.070000,41.180000,41.020000,41.160000,40.822460,1028800
2021-11-03,41.160000,41.250000,41.099998,41.240002,40.901802,1014000
2021-11-04,41.270000,41.330002,41.250000,41.330002,40.991070,1621900
2021-11-05,41.400002,41.490002,41.362000,41.490002,41.149754,2185800
2021-11-08,41.549999,41.549999,41.410000,41.450001,41.110085,1512800
2021-11-09,41.470001,41.480000,41.410000,41.480000,41.139832,809800
2021-11-10,41.459999,41.459999,41.259998,41.299999,40.961311,2843700
2021-11-11,41.320000,41.320000,41.209999,41.220001,40.881969,948500
2021-11-12,41.259998,41.299999,41.209999,41.230000,40.891884,1666000
2021-11-15,41.299999,41.299999,41.150002,41.169998,40.832375,2143100
2021-11-16,41.169998,41.200001,41.150002,41.169998,40.832375,1179400
2021-11-17,41.209999,41.209999,41.099998,41.119999,40.782784,2766400
2021-11-18,41.180000,41.180000,41.060001,41.060001,40.723282,1639100
2021-11-19,41.060001,41.119999,41.029999,41.049999,40.713360,1268600
2021-11-22,41.049999,41.080002,40.880001,40.900002,40.564590,2636900
2021-11-23,40.869999,40.930000,40.785000,40.840000,40.505085,3384400
2021-11-24,40.799999,40.830002,40.669998,40.830002,40.495167,1377800
2021-11-26,40.630001,40.630001,40.450001,40.529999,40.197624,841700
2021-11-29,40.730000,40.820000,40.669998,40.820000,40.485249,5136100
2021-11-30,40.720001,40.799999,40.529999,40.610001,40.276970,6060600
2021-12-01,40.590000,40.705002,40.426998,40.459999,40.288918,1555700
2021-12-02,40.419998,40.759998,40.419998,40.750000,40.577694,1616500
2021-12-03,40.750000,40.770000,40.640999,40.740002,40.567738,1690400
2021-12-06,40.820000,40.938999,40.735001,40.849998,40.677269,1806400
2021-12-07,41.049999,41.188999,41.009998,41.130001,40.956085,2327800
2021-12-08,41.090000,41.139999,41.032001,41.139999,40.966042,1985200
2021-12-09,41.130001,41.130001,40.924999,40.950001,40.776848,1067700
2021-12-10,41.020000,41.049999,40.959999,41.049999,40.876423,1278300
2021-12-13,41.049999,41.070000,41.000000,41.049999,40.876423,1172900
2021-12-14,41.000000,41.027000,40.915001,40.970001,40.796764,1346400
2021-12-15,41.009998,41.150002,40.910000,41.150002,40.976002,1436100
2021-12-16,40.919998,40.980000,40.869999,40.910000,40.910000,2265500
2021-12-17,40.840000,40.909000,40.779999,40.860001,40.860001,1970500
2021-12-20,40.770000,40.830002,40.730000,40.810001,40.810001,1596300
2021-12-21,40.860001,40.990002,40.855000,40.990002,40.990002,2501100
2021-12-22,40.990002,41.150002,40.985001,41.150002,41.150002,2550300
2021-12-23,41.169998,41.259998,41.139999,41.230000,41.230000,2111400
2021-12-27,41.259998,41.310001,41.209999,41.240002,41.240002,2706800
2021-12-28,41.240002,41.250000,41.169998,41.240002,41.240002,1256000
2021-12-29,41.230000,41.230000,41.160000,41.189999,41.189999,795000
2021-12-30,41.200001,41.200001,41.150002,41.160000,41.160000,1175000
2021-12-31,41.189999,41.208000,41.150002,41.189999,41.189999,1220000
2022-01-03,41.160000,41.160000,41.070000,41.160000,41.160000,1682100
2022-01-04,41.139999,41.160000,41.009998,41.049999,41.049999,2245700
2022-01-05,41.049999,41.064999,40.740002,40.740002,40.740002,2425400
2022-01-06,40.750000,40.868000,40.740002,40.750000,40.750000,4221400
2022-01-07,40.750000,40.759998,40.660000,40.669998,40.669998,3448600
2022-01-10,40.599998,40.688000,40.424999,40.680000,40.680000,3473800
2022-01-11,40.700001,40.869999,40.599998,40.869999,40.869999,1939600
2022-01-12,40.950001,40.950001,40.880001,40.910000,40.910000,1751100
2022-01-13,40.919998,40.930000,40.790001,40.820000,40.820000,2712600
2022-01-14,40.759998,40.840000,40.730000,40.799999,40.799999,2677500
2022-01-18,40.660000,40.660000,40.509998,40.549999,40.549999,5449600
2022-01-19,40.619999,40.680000,40.500000,40.520000,40.520000,2271800
2022-01-20,40.580002,40.689999,40.419998,40.439999,40.439999,1792400
2022-01-21,40.450001,40.520000,40.383999,40.400002,40.400002,5247200