[{"id":"1735351080-1-1","algorithm-id":"1735351080","order-id":1,"order-event-id":1,"symbol":"AAA XHPVXIJUWS4L","time":1603339200.0,"status":"submitted","fill-price":0.0,"fill-price-currency":"USD","fill-quantity":0.0,"direction":"buy","is-assignment":false,"quantity":3023.0},{"id":"1735351080-1-2","algorithm-id":"1735351080","order-id":1,"order-event-id":2,"symbol":"AAA XHPVXIJUWS4L","time":1603425600.0,"status":"filled","order-fee-amount":15.115,"order-fee-currency":"USD","fill-price":24.73,"fill-price-currency":"USD","fill-quantity":3023.0,"direction":"buy","is-assignment":false,"quantity":3023.0},{"id":"1735351080-2-1","algorithm-id":"1735351080","order-id":2,"order-event-id":1,"symbol":"AAA XHPVXIJUWS4L","time":1604030400.0,"status":"submitted","fill-price":0.0,"fill-price-currency":"USD","fill-quantity":0.0,"direction":"sell","is-assignment":false,"quantity":-1007.0},{"id":"1735351080-2-2","algorithm-id":"1735351080","order-id":2,"order-event-id":2,"symbol":"AAA XHPVXIJUWS4L","time":1604116800.0,"status":"filled","order-fee-amount":5.035,"order-fee-currency":"USD","fill-price":24.75,"fill-price-currency":"USD","fill-quantity":-1007.0,"direction":"sell","is-assignment":false,"quantity":-1007.0},{"id":"1735351080-3-1","algorithm-id":"1735351080","order-id":3,"order-event-id":1,"symbol":"AAA XHPVXIJUWS4L","time":1604379600.0,"status":"submitted","fill-price":0.0,"fill-price-currency":"USD","fill-quantity":0.0,"direction":"sell","is-assignment":false,"quantity":-1008.0},{"id":"1735351080-3-2","algorithm-id":"1735351080","order-id":3,"order-event-id":2,"symbol":"AAA XHPVXIJUWS4L","time":1604466000.0,"status":"filled","order-fee-amount":5.04,"order-fee-currency":"USD","fill-price":24.71,"fill-price-currency":"USD","fill-quantity":-1008.0,"direction":"sell","is-assignment":false,"quantity":-1008.0},{"id":"1735351080-4-1","algorithm-id":"1735351080","order-id":4,"order-event-id":1,"symbol":"AAA XHPVXIJUWS4L","time":1604466000.0,"status":"submitted","fill-price":0.0,"fill-price-currency":"USD","fill-quantity":0.0,"direction":"sell","is-assignment":false,"quantity":-1008.0},{"id":"1735351080-4-2","algorithm-id":"1735351080","order-id":4,"order-event-id":2,"symbol":"AAA XHPVXIJUWS4L","time":1604552400.0,"status":"filled","order-fee-amount":5.04,"order-fee-currency":"USD","fill-price":24.7,"fill-price-currency":"USD","fill-quantity":-1008.0,"direction":"sell","is-assignment":false,"quantity":-1008.0},{"id":"1735351080-5-1","algorithm-id":"1735351080","order-id":5,"order-event-id":1,"symbol":"AAA XHPVXIJUWS4L","time":1604984400.0,"status":"submitted","fill-price":0.0,"fill-price-currency":"USD","fill-quantity":0.0,"direction":"buy","is-assignment":false,"quantity":4027.0},{"id":"1735351080-5-2","algorithm-id":"1735351080","order-id":5,"order-event-id":2,"symbol":"AAA XHPVXIJUWS4L","time":1605070800.0,"status":"filled","order-fee-amount":20.135,"order-fee-currency":"USD","fill-price":24.760000000000003,"fill-price-currency":"USD","fill-quantity":4027.0,"direction":"buy","is-assignment":false,"quantity":4027.0},{"id":"1735351080-6-1","algorithm-id":"1735351080","order-id":6,"order-event-id":1,"symbol":"AAA XHPVXIJUWS4L","time":1610168400.0,"status":"submitted","fill-price":0.0,"fill-price-currency":"USD","fill-quantity":0.0,"direction":"sell","is-assignment":false,"quantity":-2015.0},{"id":"1735351080-6-2","algorithm-id":"1735351080","order-id":6,"order-event-id":2,"symbol":"AAA XHPVXIJUWS4L","time":1610427600.0,"status":"filled","order-fee-amount":10.075,"order-fee-currency":"USD","fill-price":24.93,"fill-price-currency":"USD","fill-quantity":-2015.0,"direction":"sell","is-assignment":false,"quantity":-2015.0},{"id":"1735351080-7-1","algorithm-id":"1735351080","order-id":7,"order-event-id":1,"symbol":"AAA XHPVXIJUWS4L","time":1610427600.0,"status":"submitted","fill-price":0.0,"fill-price-currency":"USD","fill-quantity":0.0,"direction":"buy","is-assignment":false,"quantity":2011.0},{"id":"1735351080-7-2","algorithm-id":"1735351080","order-id":7,"order-event-id":2,"symbol":"AAA XHPVXIJUWS4L","time":1610514000.0,"status":"filled","order-fee-amount":10.055,"order-fee-currency":"USD","fill-price":24.97,"fill-price-currency":"USD","fill-quantity":2011.0,"direction":"buy","is-assignment":false,"quantity":2011.0},{"id":"1735351080-8-1","algorithm-id":"1735351080","order-id":8,"order-event-id":1,"symbol":"AAA XHPVXIJUWS4L","time":1611896400.0,"status":"submitted","fill-price":0.0,"fill-price-currency":"USD","fill-quantity":0.0,"direction":"sell","is-assignment":false,"quantity":-1008.0},{"id":"1735351080-8-2","algorithm-id":"1735351080","order-id":8,"order-event-id":2,"symbol":"AAA XHPVXIJUWS4L","time":1611982800.0,"status":"filled","order-fee-amount":5.04,"order-fee-currency":"USD","fill-price":25.02,"fill-price-currency":"USD","fill-quantity":-1008.0,"direction":"sell","is-assignment":false,"quantity":-1008.0},{"id":"1735351080-9-1","algorithm-id":"1735351080","order-id":9,"order-event-id":1,"symbol":"AAA XHPVXIJUWS4L","time":1611982800.0,"status":"submitted","fill-price":0.0,"fill-price-currency":"USD","fill-quantity":0.0,"direction":"sell","is-assignment":false,"quantity":-1005.0},{"id":"1735351080-9-2","algorithm-id":"1735351080","order-id":9,"order-event-id":2,"symbol":"AAA XHPVXIJUWS4L","time":1612242000.0,"status":"filled","order-fee-amount":5.025,"order-fee-currency":"USD","fill-price":25.02,"fill-price-currency":"USD","fill-quantity":-1005.0,"direction":"sell","is-assignment":false,"quantity":-1005.0},{"id":"1735351080-10-1","algorithm-id":"1735351080","order-id":10,"order-event-id":1,"symbol":"AAA XHPVXIJUWS4L","time":1614056400.0,"status":"submitted","fill-price":0.0,"fill-price-currency":"USD","fill-quantity":0.0,"direction":"sell","is-assignment":false,"quantity":-1004.0},{"id":"1735351080-10-2","algorithm-id":"1735351080","order-id":10,"order-event-id":2,"symbol":"AAA XHPVXIJUWS4L","time":1614142800.0,"status":"filled","order-fee-amount":5.02,"order-fee-currency":"USD","fill-price":24.94,"fill-price-currency":"USD","fill-quantity":-1004.0,"direction":"sell","is-assignment":false,"quantity":-1004.0},{"id":"1735351080-11-1","algorithm-id":"1735351080","order-id":11,"order-event-id":1,"symbol":"AAA XHPVXIJUWS4L","time":1614834000.0,"status":"submitted","fill-price":0.0,"fill-price-currency":"USD","fill-quantity":0.0,"direction":"buy","is-assignment":false,"quantity":1005.0},{"id":"1735351080-11-2","algorithm-id":"1735351080","order-id":11,"order-event-id":2,"symbol":"AAA XHPVXIJUWS4L","time":1614920400.0,"status":"filled","order-fee-amount":5.025,"order-fee-currency":"USD","fill-price":24.989999999999997,"fill-price-currency":"USD","fill-quantity":1005.0,"direction":"buy","is-assignment":false,"quantity":1005.0},{"id":"1735351080-12-1","algorithm-id":"1735351080","order-id":12,"order-event-id":1,"symbol":"AAA XHPVXIJUWS4L","time":1614920400.0,"status":"submitted","fill-price":0.0,"fill-price-currency":"USD","fill-quantity":0.0,"direction":"buy","is-assignment":false,"quantity":1004.0},{"id":"1735351080-12-2","algorithm-id":"1735351080","order-id":12,"order-event-id":2,"symbol":"AAA XHPVXIJUWS4L","time":1615006800.0,"status":"filled","order-fee-amount":5.02,"order-fee-currency":"USD","fill-price":25.0,"fill-price-currency":"USD","fill-quantity":1004.0,"direction":"buy","is-assignment":false,"quantity":1004.0},{"id":"1735351080-13-1","algorithm-id":"1735351080","order-id":13,"order-event-id":1,"symbol":"AAA XHPVXIJUWS4L","time":1615266000.0,"status":"submitted","fill-price":0.0,"fill-price-currency":"USD","fill-quantity":0.0,"direction":"sell","is-assignment":false,"quantity":-1005.0},{"id":"1735351080-13-2","algorithm-id":"1735351080","order-id":13,"order-event-id":2,"symbol":"AAA XHPVXIJUWS4L","time":1615352400.0,"status":"filled","order-fee-amount":5.025,"order-fee-currency":"USD","fill-price":24.96,"fill-price-currency":"USD","fill-quantity":-1005.0,"direction":"sell","is-assignment":false,"quantity":-1005.0},{"id":"1735351080-14-1","algorithm-id":"1735351080","order-id":14,"order-event-id":1,"symbol":"AAA XHPVXIJUWS4L","time":1615867200.0,"status":"submitted","fill-price":0.0,"fill-price-currency":"USD","fill-quantity":0.0,"direction":"buy","is-assignment":false,"quantity":2008.0},{"id":"1735351080-14-2","algorithm-id":"1735351080","order-id":14,"order-event-id":2,"symbol":"AAA XHPVXIJUWS4L","time":1615953600.0,"status":"filled","order-fee-amount":10.04,"order-fee-currency":"USD","fill-price":24.98,"fill-price-currency":"USD","fill-quantity":2008.0,"direction":"buy","is-assignment":false,"quantity":2008.0},{"id":"1735351080-15-1","algorithm-id":"1735351080","order-id":15,"order-event-id":1,"symbol":"AAA XHPVXIJUWS4L","time":1615953600.0,"status":"submitted","fill-price":0.0,"fill-price-currency":"USD","fill-quantity":0.0,"direction":"sell","is-assignment":false,"quantity":-1004.0},{"id":"1735351080-15-2","algorithm-id":"1735351080","order-id":15,"order-event-id":2,"symbol":"AAA XHPVXIJUWS4L","time":1616040000.0,"status":"filled","order-fee-amount":5.02,"order-fee-currency":"USD","fill-price":24.989999999999997,"fill-price-currency":"USD","fill-quantity":-1004.0,"direction":"sell","is-assignment":false,"quantity":-1004.0},{"id":"1735351080-16-1","algorithm-id":"1735351080","order-id":16,"order-event-id":1,"symbol":"AAA XHPVXIJUWS4L","time":1616040000.0,"status":"submitted","fill-price":0.0,"fill-price-currency":"USD","fill-quantity":0.0,"direction":"buy","is-assignment":false,"quantity":1004.0},{"id":"1735351080-16-2","algorithm-id":"1735351080","order-id":16,"order-event-id":2,"symbol":"AAA XHPVXIJUWS4L","time":1616126400.0,"status":"filled","order-fee-amount":5.02,"order-fee-currency":"USD","fill-price":24.98,"fill-price-currency":"USD","fill-quantity":1004.0,"direction":"buy","is-assignment":false,"quantity":1004.0},{"id":"1735351080-17-1","algorithm-id":"1735351080","order-id":17,"order-event-id":1,"symbol":"AAA XHPVXIJUWS4L","time":1616472000.0,"status":"submitted","fill-price":0.0,"fill-price-currency":"USD","fill-quantity":0.0,"direction":"sell","is-assignment":false,"quantity":-1004.0},{"id":"1735351080-17-2","algorithm-id":"1735351080","order-id":17,"order-event-id":2,"symbol":"AAA XHPVXIJUWS4L","time":1616558400.0,"status":"filled","order-fee-amount":5.02,"order-fee-currency":"USD","fill-price":24.97,"fill-price-currency":"USD","fill-quantity":-1004.0,"direction":"sell","is-assignment":false,"quantity":-1004.0},{"id":"1735351080-18-1","algorithm-id":"1735351080","order-id":18,"order-event-id":1,"symbol":"AAA XHPVXIJUWS4L","time":1616558400.0,"status":"submitted","fill-price":0.0,"fill-price-currency":"USD","fill-quantity":0.0,"direction":"sell","is-assignment":false,"quantity":-3014.0},{"id":"1735351080-18-2","algorithm-id":"1735351080","order-id":18,"order-event-id":2,"symbol":"AAA XHPVXIJUWS4L","time":1616644800.0,"status":"filled","order-fee-amount":15.07,"order-fee-currency":"USD","fill-price":24.97,"fill-price-currency":"USD","fill-quantity":-3014.0,"direction":"sell","is-assignment":false,"quantity":-3014.0},{"id":"1735351080-19-1","algorithm-id":"1735351080","order-id":19,"order-event-id":1,"symbol":"AAA XHPVXIJUWS4L","time":1617249600.0,"status":"submitted","fill-price":0.0,"fill-price-currency":"USD","fill-quantity":0.0,"direction":"buy","is-assignment":false,"quantity":1004.0},{"id":"1735351080-19-2","algorithm-id":"1735351080","order-id":19,"order-event-id":2,"symbol":"AAA XHPVXIJUWS4L","time":1617336000.0,"status":"filled","order-fee-amount":5.02,"order-fee-currency":"USD","fill-price":24.97,"fill-price-currency":"USD","fill-quantity":1004.0,"direction":"buy","is-assignment":false,"quantity":1004.0},{"id":"1735351080-20-1","algorithm-id":"1735351080","order-id":20,"order-event-id":1,"symbol":"AAA XHPVXIJUWS4L","time":1617681600.0,"status":"submitted","fill-price":0.0,"fill-price-currency":"USD","fill-quantity":0.0,"direction":"buy","is-assignment":false,"quantity":1005.0},{"id":"1735351080-20-2","algorithm-id":"1735351080","order-id":20,"order-event-id":2,"symbol":"AAA XHPVXIJUWS4L","time":1617768000.0,"status":"filled","order-fee-amount":5.025,"order-fee-currency":"USD","fill-price":24.98,"fill-price-currency":"USD","fill-quantity":1005.0,"direction":"buy","is-assignment":false,"quantity":1005.0},{"id":"1735351080-21-1","algorithm-id":"1735351080","order-id":21,"order-event-id":1,"symbol":"AAA XHPVXIJUWS4L","time":1617768000.0,"status":"submitted","fill-price":0.0,"fill-price-currency":"USD","fill-quantity":0.0,"direction":"buy","is-assignment":false,"quantity":1003.0},{"id":"1735351080-21-2","algorithm-id":"1735351080","order-id":21,"order-event-id":2,"symbol":"AAA XHPVXIJUWS4L","time":1617854400.0,"status":"filled","order-fee-amount":5.015,"order-fee-currency":"USD","fill-price":24.989999999999997,"fill-price-currency":"USD","fill-quantity":1003.0,"direction":"buy","is-assignment":false,"quantity":1003.0},{"id":"1735351080-22-1","algorithm-id":"1735351080","order-id":22,"order-event-id":1,"symbol":"AAA XHPVXIJUWS4L","time":1618372800.0,"status":"submitted","fill-price":0.0,"fill-price-currency":"USD","fill-quantity":0.0,"direction":"sell","is-assignment":false,"quantity":-3012.0},{"id":"1735351080-22-2","algorithm-id":"1735351080","order-id":22,"order-event-id":2,"symbol":"AAA XHPVXIJUWS4L","time":1618459200.0,"status":"filled","order-fee-amount":15.06,"order-fee-currency":"USD","fill-price":24.98,"fill-price-currency":"USD","fill-quantity":-3012.0,"direction":"sell","is-assignment":false,"quantity":-3012.0},{"id":"1735351080-23-1","algorithm-id":"1735351080","order-id":23,"order-event-id":1,"symbol":"AAA XHPVXIJUWS4L","time":1618545600.0,"status":"submitted","fill-price":0.0,"fill-price-currency":"USD","fill-quantity":0.0,"direction":"buy","is-assignment":false,"quantity":1003.0},{"id":"1735351080-23-2","algorithm-id":"1735351080","order-id":23,"order-event-id":2,"symbol":"AAA XHPVXIJUWS4L","time":1618632000.0,"status":"filled","order-fee-amount":5.015,"order-fee-currency":"USD","fill-price":24.98,"fill-price-currency":"USD","fill-quantity":1003.0,"direction":"buy","is-assignment":false,"quantity":1003.0},{"id":"1735351080-24-1","algorithm-id":"1735351080","order-id":24,"order-event-id":1,"symbol":"AAA XHPVXIJUWS4L","time":1619236800.0,"status":"submitted","fill-price":0.0,"fill-price-currency":"USD","fill-quantity":0.0,"direction":"sell","is-assignment":false,"quantity":-1003.0},{"id":"1735351080-24-2","algorithm-id":"1735351080","order-id":24,"order-event-id":2,"symbol":"AAA XHPVXIJUWS4L","time":1619496000.0,"status":"filled","order-fee-amount":5.015,"order-fee-currency":"USD","fill-price":24.97,"fill-price-currency":"USD","fill-quantity":-1003.0,"direction":"sell","is-assignment":false,"quantity":-1003.0},{"id":"1735351080-25-1","algorithm-id":"1735351080","order-id":25,"order-event-id":1,"symbol":"AAA XHPVXIJUWS4L","time":1620705600.0,"status":"submitted","fill-price":0.0,"fill-price-currency":"USD","fill-quantity":0.0,"direction":"buy","is-assignment":false,"quantity":1004.0},{"id":"1735351080-25-2","algorithm-id":"1735351080","order-id":25,"order-event-id":2,"symbol":"AAA XHPVXIJUWS4L","time":1620792000.0,"status":"filled","order-fee-amount":5.02,"order-fee-currency":"USD","fill-price":24.97,"fill-price-currency":"USD","fill-quantity":1004.0,"direction":"buy","is-assignment":false,"quantity":1004.0},{"id":"1735351080-26-1","algorithm-id":"1735351080","order-id":26,"order-event-id":1,"symbol":"AAA XHPVXIJUWS4L","time":1620878400.0,"status":"submitted","fill-price":0.0,"fill-price-currency":"USD","fill-quantity":0.0,"direction":"sell","is-assignment":false,"quantity":-1004.0},{"id":"1735351080-26-2","algorithm-id":"1735351080","order-id":26,"order-event-id":2,"symbol":"AAA XHPVXIJUWS4L","time":1620964800.0,"status":"filled","order-fee-amount":5.02,"order-fee-currency":"USD","fill-price":24.97,"fill-price-currency":"USD","fill-quantity":-1004.0,"direction":"sell","is-assignment":false,"quantity":-1004.0},{"id":"1735351080-27-1","algorithm-id":"1735351080","order-id":27,"order-event-id":1,"symbol":"AAA XHPVXIJUWS4L","time":1621569600.0,"status":"submitted","fill-price":0.0,"fill-price-currency":"USD","fill-quantity":0.0,"direction":"buy","is-assignment":false,"quantity":1003.0},{"id":"1735351080-27-2","algorithm-id":"1735351080","order-id":27,"order-event-id":2,"symbol":"AAA XHPVXIJUWS4L","time":1621656000.0,"status":"filled","order-fee-amount":5.015,"order-fee-currency":"USD","fill-price":24.97,"fill-price-currency":"USD","fill-quantity":1003.0,"direction":"buy","is-assignment":false,"quantity":1003.0},{"id":"1735351080-28-1","algorithm-id":"1735351080","order-id":28,"order-event-id":1,"symbol":"AAA XHPVXIJUWS4L","time":1623297600.0,"status":"submitted","fill-price":0.0,"fill-price-currency":"USD","fill-quantity":0.0,"direction":"buy","is-assignment":false,"quantity":3009.0},{"id":"1735351080-28-2","algorithm-id":"1735351080","order-id":28,"order-event-id":2,"symbol":"AAA XHPVXIJUWS4L","time":1623384000.0,"status":"filled","order-fee-amount":15.045,"order-fee-currency":"USD","fill-price":25.0,"fill-price-currency":"USD","fill-quantity":3009.0,"direction":"buy","is-assignment":false,"quantity":3009.0},{"id":"1735351080-29-1","algorithm-id":"1735351080","order-id":29,"order-event-id":1,"symbol":"AAA XHPVXIJUWS4L","time":1624507200.0,"status":"submitted","fill-price":0.0,"fill-price-currency":"USD","fill-quantity":0.0,"direction":"sell","is-assignment":false,"quantity":-2007.0},{"id":"1735351080-29-2","algorithm-id":"1735351080","order-id":29,"order-event-id":2,"symbol":"AAA XHPVXIJUWS4L","time":1624593600.0,"status":"filled","order-fee-amount":10.035,"order-fee-currency":"USD","fill-price":25.0,"fill-price-currency":"USD","fill-quantity":-2007.0,"direction":"sell","is-assignment":false,"quantity":-2007.0},{"id":"1735351080-30-1","algorithm-id":"1735351080","order-id":30,"order-event-id":1,"symbol":"AAA XHPVXIJUWS4L","time":1626321600.0,"status":"submitted","fill-price":0.0,"fill-price-currency":"USD","fill-quantity":0.0,"direction":"buy","is-assignment":false,"quantity":2005.0},{"id":"1735351080-30-2","algorithm-id":"1735351080","order-id":30,"order-event-id":2,"symbol":"AAA XHPVXIJUWS4L","time":1626408000.0,"status":"filled","order-fee-amount":10.025,"order-fee-currency":"USD","fill-price":25.010000000000003,"fill-price-currency":"USD","fill-quantity":2005.0,"direction":"buy","is-assignment":false,"quantity":2005.0},{"id":"1735351080-31-1","algorithm-id":"1735351080","order-id":31,"order-event-id":1,"symbol":"AAA XHPVXIJUWS4L","time":1627963200.0,"status":"submitted","fill-price":0.0,"fill-price-currency":"USD","fill-quantity":0.0,"direction":"sell","is-assignment":false,"quantity":-3008.0},{"id":"1735351080-31-2","algorithm-id":"1735351080","order-id":31,"order-event-id":2,"symbol":"AAA XHPVXIJUWS4L","time":1628049600.0,"status":"filled","order-fee-amount":15.04,"order-fee-currency":"USD","fill-price":25.0,"fill-price-currency":"USD","fill-quantity":-3008.0,"direction":"sell","is-assignment":false,"quantity":-3008.0},{"id":"1735351080-32-1","algorithm-id":"1735351080","order-id":32,"order-event-id":1,"symbol":"AAA XHPVXIJUWS4L","time":1628222400.0,"status":"submitted","fill-price":0.0,"fill-price-currency":"USD","fill-quantity":0.0,"direction":"buy","is-assignment":false,"quantity":1002.0},{"id":"1735351080-32-2","algorithm-id":"1735351080","order-id":32,"order-event-id":2,"symbol":"AAA XHPVXIJUWS4L","time":1628308800.0,"status":"filled","order-fee-amount":5.01,"order-fee-currency":"USD","fill-price":25.0,"fill-price-currency":"USD","fill-quantity":1002.0,"direction":"buy","is-assignment":false,"quantity":1002.0},{"id":"1735351080-33-1","algorithm-id":"1735351080","order-id":33,"order-event-id":1,"symbol":"AAA XHPVXIJUWS4L","time":1628654400.0,"status":"submitted","fill-price":0.0,"fill-price-currency":"USD","fill-quantity":0.0,"direction":"buy","is-assignment":false,"quantity":1002.0},{"id":"1735351080-33-2","algorithm-id":"1735351080","order-id":33,"order-event-id":2,"symbol":"AAA XHPVXIJUWS4L","time":1628740800.0,"status":"filled","order-fee-amount":5.01,"order-fee-currency":"USD","fill-price":25.010000000000003,"fill-price-currency":"USD","fill-quantity":1002.0,"direction":"buy","is-assignment":false,"quantity":1002.0},{"id":"1735351080-34-1","algorithm-id":"1735351080","order-id":34,"order-event-id":1,"symbol":"AAA XHPVXIJUWS4L","time":1629345600.0,"status":"submitted","fill-price":0.0,"fill-price-currency":"USD","fill-quantity":0.0,"direction":"buy","is-assignment":false,"quantity":1001.0},{"id":"1735351080-34-2","algorithm-id":"1735351080","order-id":34,"order-event-id":2,"symbol":"AAA XHPVXIJUWS4L","time":1629432000.0,"status":"filled","order-fee-amount":5.005,"order-fee-currency":"USD","fill-price":25.010000000000003,"fill-price-currency":"USD","fill-quantity":1001.0,"direction":"buy","is-assignment":false,"quantity":1001.0},{"id":"1735351080-35-1","algorithm-id":"1735351080","order-id":35,"order-event-id":1,"symbol":"AAA XHPVXIJUWS4L","time":1630468800.0,"status":"submitted","fill-price":0.0,"fill-price-currency":"USD","fill-quantity":0.0,"direction":"sell","is-assignment":false,"quantity":-4007.0},{"id":"1735351080-35-2","algorithm-id":"1735351080","order-id":35,"order-event-id":2,"symbol":"AAA XHPVXIJUWS4L","time":1630555200.0,"status":"filled","order-fee-amount":20.035,"order-fee-currency":"USD","fill-price":24.989999999999997,"fill-price-currency":"USD","fill-quantity":-4007.0,"direction":"sell","is-assignment":false,"quantity":-4007.0},{"id":"1735351080-36-1","algorithm-id":"1735351080","order-id":36,"order-event-id":1,"symbol":"AAA XHPVXIJUWS4L","time":1631678400.0,"status":"submitted","fill-price":0.0,"fill-price-currency":"USD","fill-quantity":0.0,"direction":"buy","is-assignment":false,"quantity":2001.0},{"id":"1735351080-36-2","algorithm-id":"1735351080","order-id":36,"order-event-id":2,"symbol":"AAA XHPVXIJUWS4L","time":1631764800.0,"status":"filled","order-fee-amount":10.005,"order-fee-currency":"USD","fill-price":25.0,"fill-price-currency":"USD","fill-quantity":2001.0,"direction":"buy","is-assignment":false,"quantity":2001.0},{"id":"1735351080-37-1","algorithm-id":"1735351080","order-id":37,"order-event-id":1,"symbol":"AAA XHPVXIJUWS4L","time":1632369600.0,"status":"submitted","fill-price":0.0,"fill-price-currency":"USD","fill-quantity":0.0,"direction":"buy","is-assignment":false,"quantity":1002.0},{"id":"1735351080-37-2","algorithm-id":"1735351080","order-id":37,"order-event-id":2,"symbol":"AAA XHPVXIJUWS4L","time":1632456000.0,"status":"filled","order-fee-amount":5.01,"order-fee-currency":"USD","fill-price":25.010000000000003,"fill-price-currency":"USD","fill-quantity":1002.0,"direction":"buy","is-assignment":false,"quantity":1002.0},{"id":"1735351080-38-1","algorithm-id":"1735351080","order-id":38,"order-event-id":1,"symbol":"AAA XHPVXIJUWS4L","time":1632888000.0,"status":"submitted","fill-price":0.0,"fill-price-currency":"USD","fill-quantity":0.0,"direction":"buy","is-assignment":false,"quantity":1000.0},{"id":"1735351080-38-2","algorithm-id":"1735351080","order-id":38,"order-event-id":2,"symbol":"AAA XHPVXIJUWS4L","time":1632974400.0,"status":"filled","order-fee-amount":5.0,"order-fee-currency":"USD","fill-price":25.02,"fill-price-currency":"USD","fill-quantity":1000.0,"direction":"buy","is-assignment":false,"quantity":1000.0},{"id":"1735351080-39-1","algorithm-id":"1735351080","order-id":39,"order-event-id":1,"symbol":"AAA XHPVXIJUWS4L","time":1633060800.0,"status":"submitted","fill-price":0.0,"fill-price-currency":"USD","fill-quantity":0.0,"direction":"sell","is-assignment":false,"quantity":-1001.0},{"id":"1735351080-39-2","algorithm-id":"1735351080","order-id":39,"order-event-id":2,"symbol":"AAA XHPVXIJUWS4L","time":1633147200.0,"status":"filled","order-fee-amount":5.005,"order-fee-currency":"USD","fill-price":25.0,"fill-price-currency":"USD","fill-quantity":-1001.0,"direction":"sell","is-assignment":false,"quantity":-1001.0},{"id":"1735351080-40-1","algorithm-id":"1735351080","order-id":40,"order-event-id":1,"symbol":"AAA XHPVXIJUWS4L","time":1633147200.0,"status":"submitted","fill-price":0.0,"fill-price-currency":"USD","fill-quantity":0.0,"direction":"sell","is-assignment":false,"quantity":-3002.0},{"id":"1735351080-40-2","algorithm-id":"1735351080","order-id":40,"order-event-id":2,"symbol":"AAA XHPVXIJUWS4L","time":1633406400.0,"status":"filled","order-fee-amount":15.01,"order-fee-currency":"USD","fill-price":25.010000000000003,"fill-price-currency":"USD","fill-quantity":-3002.0,"direction":"sell","is-assignment":false,"quantity":-3002.0},{"id":"1735351080-41-1","algorithm-id":"1735351080","order-id":41,"order-event-id":1,"symbol":"AAA XHPVXIJUWS4L","time":1634011200.0,"status":"submitted","fill-price":0.0,"fill-price-currency":"USD","fill-quantity":0.0,"direction":"buy","is-assignment":false,"quantity":1000.0},{"id":"1735351080-41-2","algorithm-id":"1735351080","order-id":41,"order-event-id":2,"symbol":"AAA XHPVXIJUWS4L","time":1634097600.0,"status":"filled","order-fee-amount":5.0,"order-fee-currency":"USD","fill-price":25.0,"fill-price-currency":"USD","fill-quantity":1000.0,"direction":"buy","is-assignment":false,"quantity":1000.0},{"id":"1735351080-42-1","algorithm-id":"1735351080","order-id":42,"order-event-id":1,"symbol":"AAA XHPVXIJUWS4L","time":1635307200.0,"status":"submitted","fill-price":0.0,"fill-price-currency":"USD","fill-quantity":0.0,"direction":"buy","is-assignment":false,"quantity":3002.0},{"id":"1735351080-42-2","algorithm-id":"1735351080","order-id":42,"order-event-id":2,"symbol":"AAA XHPVXIJUWS4L","time":1635393600.0,"status":"filled","order-fee-amount":15.01,"order-fee-currency":"USD","fill-price":25.02,"fill-price-currency":"USD","fill-quantity":3002.0,"direction":"buy","is-assignment":false,"quantity":3002.0},{"id":"1735351080-43-1","algorithm-id":"1735351080","order-id":43,"order-event-id":1,"symbol":"AAA XHPVXIJUWS4L","time":1635480000.0,"status":"submitted","fill-price":0.0,"fill-price-currency":"USD","fill-quantity":0.0,"direction":"sell","is-assignment":false,"quantity":-3002.0},{"id":"1735351080-43-2","algorithm-id":"1735351080","order-id":43,"order-event-id":2,"symbol":"AAA XHPVXIJUWS4L","time":1635566400.0,"status":"filled","order-fee-amount":15.01,"order-fee-currency":"USD","fill-price":24.989999999999997,"fill-price-currency":"USD","fill-quantity":-3002.0,"direction":"sell","is-assignment":false,"quantity":-3002.0},{"id":"1735351080-44-1","algorithm-id":"1735351080","order-id":44,"order-event-id":1,"symbol":"AAA XHPVXIJUWS4L","time":1635825600.0,"status":"submitted","fill-price":0.0,"fill-price-currency":"USD","fill-quantity":0.0,"direction":"sell","is-assignment":false,"quantity":-1000.0},{"id":"1735351080-44-2","algorithm-id":"1735351080","order-id":44,"order-event-id":2,"symbol":"AAA XHPVXIJUWS4L","time":1635912000.0,"status":"filled","order-fee-amount":5.0,"order-fee-currency":"USD","fill-price":24.989999999999997,"fill-price-currency":"USD","fill-quantity":-1000.0,"direction":"sell","is-assignment":false,"quantity":-1000.0},{"id":"1735351080-45-1","algorithm-id":"1735351080","order-id":45,"order-event-id":1,"symbol":"AAA XHPVXIJUWS4L","time":1636171200.0,"status":"submitted","fill-price":0.0,"fill-price-currency":"USD","fill-quantity":0.0,"direction":"buy","is-assignment":false,"quantity":3992.0},{"id":"1735351080-45-2","algorithm-id":"1735351080","order-id":45,"order-event-id":2,"symbol":"AAA XHPVXIJUWS4L","time":1636434000.0,"status":"filled","order-fee-amount":19.96,"order-fee-currency":"USD","fill-price":25.05,"fill-price-currency":"USD","fill-quantity":3992.0,"direction":"buy","is-assignment":false,"quantity":3992.0},{"id":"1735351080-46-1","algorithm-id":"1735351080","order-id":46,"order-event-id":1,"symbol":"AAA XHPVXIJUWS4L","time":1636779600.0,"status":"submitted","fill-price":0.0,"fill-price-currency":"USD","fill-quantity":0.0,"direction":"sell","is-assignment":false,"quantity":-1000.0},{"id":"1735351080-46-2","algorithm-id":"1735351080","order-id":46,"order-event-id":2,"symbol":"AAA XHPVXIJUWS4L","time":1637038800.0,"status":"filled","order-fee-amount":5.0,"order-fee-currency":"USD","fill-price":25.02,"fill-price-currency":"USD","fill-quantity":-1000.0,"direction":"sell","is-assignment":false,"quantity":-1000.0},{"id":"1735351080-47-1","algorithm-id":"1735351080","order-id":47,"order-event-id":1,"symbol":"AAA XHPVXIJUWS4L","time":1637384400.0,"status":"submitted","fill-price":0.0,"fill-price-currency":"USD","fill-quantity":0.0,"direction":"sell","is-assignment":false,"quantity":-998.0},{"id":"1735351080-47-2","algorithm-id":"1735351080","order-id":47,"order-event-id":2,"symbol":"AAA XHPVXIJUWS4L","time":1637643600.0,"status":"filled","order-fee-amount":4.99,"order-fee-currency":"USD","fill-price":25.05,"fill-price-currency":"USD","fill-quantity":-998.0,"direction":"sell","is-assignment":false,"quantity":-998.0},{"id":"1735351080-48-1","algorithm-id":"1735351080","order-id":48,"order-event-id":1,"symbol":"AAA XHPVXIJUWS4L","time":1638334800.0,"status":"submitted","fill-price":0.0,"fill-price-currency":"USD","fill-quantity":0.0,"direction":"buy","is-assignment":false,"quantity":997.0},{"id":"1735351080-48-2","algorithm-id":"1735351080","order-id":48,"order-event-id":2,"symbol":"AAA XHPVXIJUWS4L","time":1638421200.0,"status":"filled","order-fee-amount":4.985,"order-fee-currency":"USD","fill-price":25.0,"fill-price-currency":"USD","fill-quantity":997.0,"direction":"buy","is-assignment":false,"quantity":997.0},{"id":"1735351080-49-1","algorithm-id":"1735351080","order-id":49,"order-event-id":1,"symbol":"AAA XHPVXIJUWS4L","time":1638421200.0,"status":"submitted","fill-price":0.0,"fill-price-currency":"USD","fill-quantity":0.0,"direction":"sell","is-assignment":false,"quantity":-2991.0},{"id":"1735351080-49-2","algorithm-id":"1735351080","order-id":49,"order-event-id":2,"symbol":"AAA XHPVXIJUWS4L","time":1638507600.0,"status":"filled","order-fee-amount":14.955,"order-fee-currency":"USD","fill-price":25.0,"fill-price-currency":"USD","fill-quantity":-2991.0,"direction":"sell","is-assignment":false,"quantity":-2991.0},{"id":"1735351080-50-1","algorithm-id":"1735351080","order-id":50,"order-event-id":1,"symbol":"AAA XHPVXIJUWS4L","time":1639544400.0,"status":"submitted","fill-price":0.0,"fill-price-currency":"USD","fill-quantity":0.0,"direction":"buy","is-assignment":false,"quantity":2989.0},{"id":"1735351080-50-2","algorithm-id":"1735351080","order-id":50,"order-event-id":2,"symbol":"AAA XHPVXIJUWS4L","time":1639630800.0,"status":"filled","order-fee-amount":14.945,"order-fee-currency":"USD","fill-price":25.04,"fill-price-currency":"USD","fill-quantity":2989.0,"direction":"buy","is-assignment":false,"quantity":2989.0},{"id":"1735351080-51-1","algorithm-id":"1735351080","order-id":51,"order-event-id":1,"symbol":"AAA XHPVXIJUWS4L","time":1639717200.0,"status":"submitted","fill-price":0.0,"fill-price-currency":"USD","fill-quantity":0.0,"direction":"buy","is-assignment":false,"quantity":994.0},{"id":"1735351080-51-2","algorithm-id":"1735351080","order-id":51,"order-event-id":2,"symbol":"AAA XHPVXIJUWS4L","time":1639803600.0,"status":"filled","order-fee-amount":4.97,"order-fee-currency":"USD","fill-price":25.03,"fill-price-currency":"USD","fill-quantity":994.0,"direction":"buy","is-assignment":false,"quantity":994.0},{"id":"1735351080-52-1","algorithm-id":"1735351080","order-id":52,"order-event-id":1,"symbol":"AAA XHPVXIJUWS4L","time":1640235600.0,"status":"submitted","fill-price":0.0,"fill-price-currency":"USD","fill-quantity":0.0,"direction":"sell","is-assignment":false,"quantity":-2988.0},{"id":"1735351080-52-2","algorithm-id":"1735351080","order-id":52,"order-event-id":2,"symbol":"AAA XHPVXIJUWS4L","time":1640322000.0,"status":"filled","order-fee-amount":14.94,"order-fee-currency":"USD","fill-price":25.010000000000003,"fill-price-currency":"USD","fill-quantity":-2988.0,"direction":"sell","is-assignment":false,"quantity":-2988.0},{"id":"1735351080-53-1","algorithm-id":"1735351080","order-id":53,"order-event-id":1,"symbol":"AAA XHPVXIJUWS4L","time":1641013200.0,"status":"submitted","fill-price":0.0,"fill-price-currency":"USD","fill-quantity":0.0,"direction":"buy","is-assignment":false,"quantity":996.0},{"id":"1735351080-53-2","algorithm-id":"1735351080","order-id":53,"order-event-id":2,"symbol":"AAA XHPVXIJUWS4L","time":1641272400.0,"status":"filled","order-fee-amount":4.98,"order-fee-currency":"USD","fill-price":25.0,"fill-price-currency":"USD","fill-quantity":996.0,"direction":"buy","is-assignment":false,"quantity":996.0},{"id":"1735351080-54-1","algorithm-id":"1735351080","order-id":54,"order-event-id":1,"symbol":"AAA XHPVXIJUWS4L","time":1641272400.0,"status":"submitted","fill-price":0.0,"fill-price-currency":"USD","fill-quantity":0.0,"direction":"sell","is-assignment":false,"quantity":-1991.0},{"id":"1735351080-54-2","algorithm-id":"1735351080","order-id":54,"order-event-id":2,"symbol":"AAA XHPVXIJUWS4L","time":1641358800.0,"status":"filled","order-fee-amount":9.955,"order-fee-currency":"USD","fill-price":25.0,"fill-price-currency":"USD","fill-quantity":-1991.0,"direction":"sell","is-assignment":false,"quantity":-1991.0},{"id":"1735351080-55-1","algorithm-id":"1735351080","order-id":55,"order-event-id":1,"symbol":"AAA XHPVXIJUWS4L","time":1642050000.0,"status":"submitted","fill-price":0.0,"fill-price-currency":"USD","fill-quantity":0.0,"direction":"buy","is-assignment":false,"quantity":996.0},{"id":"1735351080-55-2","algorithm-id":"1735351080","order-id":55,"order-event-id":2,"symbol":"AAA XHPVXIJUWS4L","time":1642136400.0,"status":"filled","order-fee-amount":4.98,"order-fee-currency":"USD","fill-price":25.0,"fill-price-currency":"USD","fill-quantity":996.0,"direction":"buy","is-assignment":false,"quantity":996.0},{"id":"1735351080-56-1","algorithm-id":"1735351080","order-id":56,"order-event-id":1,"symbol":"AAA XHPVXIJUWS4L","time":1642568400.0,"status":"submitted","fill-price":0.0,"fill-price-currency":"USD","fill-quantity":0.0,"direction":"sell","is-assignment":false,"quantity":-996.0},{"id":"1735351080-56-2","algorithm-id":"1735351080","order-id":56,"order-event-id":2,"symbol":"AAA XHPVXIJUWS4L","time":1642654800.0,"status":"filled","order-fee-amount":4.98,"order-fee-currency":"USD","fill-price":25.0,"fill-price-currency":"USD","fill-quantity":-996.0,"direction":"sell","is-assignment":false,"quantity":-996.0},{"id":"1735351080-57-1","algorithm-id":"1735351080","order-id":57,"order-event-id":1,"symbol":"AAA XHPVXIJUWS4L","time":1642741200.0,"status":"submitted","fill-price":0.0,"fill-price-currency":"USD","fill-quantity":0.0,"direction":"buy","is-assignment":false,"quantity":1991.0},{"id":"1735351080-57-2","algorithm-id":"1735351080","order-id":57,"order-event-id":2,"symbol":"AAA XHPVXIJUWS4L","time":1642827600.0,"status":"filled","order-fee-amount":9.955,"order-fee-currency":"USD","fill-price":25.0,"fill-price-currency":"USD","fill-quantity":1991.0,"direction":"buy","is-assignment":false,"quantity":1991.0},{"id":"1735351080-58-1","algorithm-id":"1735351080","order-id":58,"order-event-id":1,"symbol":"AAA XHPVXIJUWS4L","time":1643346000.0,"status":"submitted","fill-price":0.0,"fill-price-currency":"USD","fill-quantity":0.0,"direction":"buy","is-assignment":false,"quantity":996.0},{"id":"1735351080-58-2","algorithm-id":"1735351080","order-id":58,"order-event-id":2,"symbol":"AAA XHPVXIJUWS4L","time":1643432400.0,"status":"filled","order-fee-amount":4.98,"order-fee-currency":"USD","fill-price":25.010000000000003,"fill-price-currency":"USD","fill-quantity":996.0,"direction":"buy","is-assignment":false,"quantity":996.0}]