[{"id":"1336518009-1-1","algorithm-id":"1336518009","order-id":1,"order-event-id":1,"symbol":"AAA XHPVXIJUWS4L","time":1603339200.0,"status":"submitted","fill-price":0.0,"fill-price-currency":"USD","fill-quantity":0.0,"direction":"buy","is-assignment":false,"quantity":3023.0},{"id":"1336518009-1-2","algorithm-id":"1336518009","order-id":1,"order-event-id":2,"symbol":"AAA XHPVXIJUWS4L","time":1603425600.0,"status":"filled","order-fee-amount":15.115,"order-fee-currency":"USD","fill-price":24.73,"fill-price-currency":"USD","fill-quantity":3023.0,"direction":"buy","is-assignment":false,"quantity":3023.0},{"id":"1336518009-2-1","algorithm-id":"1336518009","order-id":2,"order-event-id":1,"symbol":"AAA XHPVXIJUWS4L","time":1604030400.0,"status":"submitted","fill-price":0.0,"fill-price-currency":"USD","fill-quantity":0.0,"direction":"sell","is-assignment":false,"quantity":-1007.0},{"id":"1336518009-2-2","algorithm-id":"1336518009","order-id":2,"order-event-id":2,"symbol":"AAA XHPVXIJUWS4L","time":1604116800.0,"status":"filled","order-fee-amount":5.035,"order-fee-currency":"USD","fill-price":24.75,"fill-price-currency":"USD","fill-quantity":-1007.0,"direction":"sell","is-assignment":false,"quantity":-1007.0},{"id":"1336518009-3-1","algorithm-id":"1336518009","order-id":3,"order-event-id":1,"symbol":"AAA XHPVXIJUWS4L","time":1604379600.0,"status":"submitted","fill-price":0.0,"fill-price-currency":"USD","fill-quantity":0.0,"direction":"sell","is-assignment":false,"quantity":-1008.0},{"id":"1336518009-3-2","algorithm-id":"1336518009","order-id":3,"order-event-id":2,"symbol":"AAA XHPVXIJUWS4L","time":1604466000.0,"status":"filled","order-fee-amount":5.04,"order-fee-currency":"USD","fill-price":24.71,"fill-price-currency":"USD","fill-quantity":-1008.0,"direction":"sell","is-assignment":false,"quantity":-1008.0},{"id":"1336518009-4-1","algorithm-id":"1336518009","order-id":4,"order-event-id":1,"symbol":"AAA XHPVXIJUWS4L","time":1604466000.0,"status":"submitted","fill-price":0.0,"fill-price-currency":"USD","fill-quantity":0.0,"direction":"sell","is-assignment":false,"quantity":-1008.0},{"id":"1336518009-4-2","algorithm-id":"1336518009","order-id":4,"order-event-id":2,"symbol":"AAA XHPVXIJUWS4L","time":1604552400.0,"status":"filled","order-fee-amount":5.04,"order-fee-currency":"USD","fill-price":24.7,"fill-price-currency":"USD","fill-quantity":-1008.0,"direction":"sell","is-assignment":false,"quantity":-1008.0},{"id":"1336518009-5-1","algorithm-id":"1336518009","order-id":5,"order-event-id":1,"symbol":"AAA XHPVXIJUWS4L","time":1604984400.0,"status":"submitted","fill-price":0.0,"fill-price-currency":"USD","fill-quantity":0.0,"direction":"buy","is-assignment":false,"quantity":4027.0},{"id":"1336518009-5-2","algorithm-id":"1336518009","order-id":5,"order-event-id":2,"symbol":"AAA XHPVXIJUWS4L","time":1605070800.0,"status":"filled","order-fee-amount":20.135,"order-fee-currency":"USD","fill-price":24.760000000000003,"fill-price-currency":"USD","fill-quantity":4027.0,"direction":"buy","is-assignment":false,"quantity":4027.0}]